unix_ts,pid,cpu_percent,rss_mb
1783095406.759,889244,0.00,47.13
1783095407.760,889244,6.00,47.82
1783095408.761,889244,8.00,48.38
1783095409.762,889244,9.00,48.45
1783095410.763,889244,8.00,48.49
1783095411.763,889244,7.00,48.52
1783095412.764,889244,8.00,48.58
1783095413.765,889244,8.00,48.58
1783095414.768,889244,7.00,48.58
1783095415.768,889244,9.00,48.58
1783095416.769,889244,7.00,48.58
1783095417.770,889244,8.00,48.59
1783095418.770,889244,12.00,48.64
1783095419.771,889244,8.00,48.64
1783095420.772,889244,7.00,48.64
1783095421.773,889244,9.00,48.64
1783095422.773,889244,9.00,48.64
1783095423.774,889244,8.00,48.64
1783095424.775,889244,7.00,48.64
1783095425.776,889244,8.00,48.64
1783095426.777,889244,8.00,48.64
1783095427.777,889244,6.00,48.64
1783095428.778,889244,8.00,48.64
1783095429.779,889244,8.00,48.64
1783095430.780,889244,6.00,48.64
1783095431.780,889244,9.00,48.64
1783095432.781,889244,6.00,48.64
1783095433.781,889244,7.00,48.64
1783095434.782,889244,7.00,48.64
1783095435.783,889244,8.00,48.66
1783095436.783,889244,8.00,48.66
1783095437.784,889244,8.00,48.66
1783095438.785,889244,8.00,48.66
1783095439.786,889244,8.00,48.66
1783095440.787,889244,9.00,48.66
1783095441.787,889244,7.00,48.66
1783095442.788,889244,8.00,48.66
1783095443.789,889244,8.00,48.66
1783095444.790,889244,8.00,48.66
1783095445.791,889244,8.00,48.66
1783095446.791,889244,8.00,48.66
1783095447.792,889244,8.00,48.66
1783095448.792,889244,8.00,48.66
1783095449.793,889244,8.00,48.66
1783095450.794,889244,8.00,48.66
1783095451.794,889244,7.00,48.66
1783095452.795,889244,7.00,48.66
1783095453.796,889244,8.00,48.66
1783095454.797,889244,8.00,48.66
1783095455.797,889244,7.00,48.66
1783095456.798,889244,8.00,48.66
1783095457.799,889244,8.00,48.66
1783095458.799,889244,8.00,48.66
1783095459.800,889244,7.00,48.66
1783095460.801,889244,8.00,48.66
1783095461.802,889244,8.00,48.66
1783095462.803,889244,8.00,48.66
1783095463.803,889244,7.00,48.66
1783095464.804,889244,8.00,48.66
1783095465.805,889244,9.00,48.66
1783095466.806,889244,7.00,48.66
1783095467.807,889244,7.00,48.66
1783095468.808,889244,9.00,48.66
1783095469.809,889244,8.00,48.66
1783095470.810,889244,8.00,48.66
1783095471.811,889244,8.00,48.66
1783095472.811,889244,8.00,48.66
1783095473.812,889244,8.00,48.66
1783095474.813,889244,8.00,48.66
1783095475.814,889244,8.00,48.66
1783095476.815,889244,8.00,48.66
1783095477.816,889244,9.00,48.66
1783095478.816,889244,8.00,48.66
1783095479.817,889244,8.00,48.66
1783095480.818,889244,8.00,48.66
1783095481.819,889244,7.00,48.66
1783095482.820,889244,9.00,48.66
1783095483.821,889244,8.00,48.66
1783095484.821,889244,8.00,48.66
1783095485.822,889244,8.00,48.66
1783095486.823,889244,8.00,48.66
1783095487.824,889244,8.00,48.66
1783095488.825,889244,8.00,48.66
1783095489.826,889244,8.00,48.66
1783095490.827,889244,8.00,48.66
1783095491.827,889244,8.00,48.67
1783095492.828,889244,7.00,48.68
1783095493.829,889244,8.00,48.68
1783095494.830,889244,7.00,48.68
1783095495.830,889244,7.00,48.68
1783095496.832,889244,8.00,48.68
1783095497.832,889244,4.00,48.68
1783095498.833,889244,8.00,48.68
1783095499.834,889244,9.00,48.69
1783095500.835,889244,8.00,48.69
1783095501.835,889244,8.00,48.69
1783095502.836,889244,8.00,48.69
1783095503.837,889244,9.00,48.69
1783095504.838,889244,8.00,48.69
1783095505.838,889244,8.00,48.69
1783095506.839,889244,9.00,48.69
1783095507.840,889244,7.00,48.69
1783095508.841,889244,9.00,48.69
1783095509.842,889244,8.00,48.69
1783095510.842,889244,9.00,48.69
1783095511.843,889244,7.00,48.69
1783095512.844,889244,9.00,48.69
1783095513.845,889244,6.00,48.70
1783095514.846,889244,6.00,48.70
1783095515.846,889244,8.00,48.70
1783095516.847,889244,8.00,48.70
1783095517.848,889244,8.00,48.70
1783095518.848,889244,8.00,48.70
1783095519.849,889244,8.00,48.70
1783095520.850,889244,8.00,48.70
1783095521.850,889244,9.00,48.70
1783095522.851,889244,8.00,48.70
1783095523.852,889244,7.00,48.70
1783095524.853,889244,8.00,48.70
1783095525.853,889244,8.00,48.70
1783095526.854,889244,8.00,48.70
1783095527.855,889244,8.00,48.70
1783095528.856,889244,8.00,48.70
1783095529.856,889244,8.00,48.70
1783095530.857,889244,9.00,48.70
1783095531.857,889244,8.00,48.70
1783095532.858,889244,8.00,48.70
1783095533.861,889244,8.00,48.70
1783095534.861,889244,7.00,48.70
1783095535.862,889244,9.00,48.70
1783095536.863,889244,9.00,48.71
1783095537.863,889244,7.00,48.71
1783095538.864,889244,9.00,48.71
1783095539.865,889244,8.00,48.71
1783095540.866,889244,8.00,48.71
1783095541.866,889244,8.00,48.77
1783095542.867,889244,9.00,48.77
1783095543.868,889244,8.00,48.77
1783095544.868,889244,8.00,48.77
1783095545.869,889244,8.00,48.77
1783095546.870,889244,9.00,48.78
1783095547.870,889244,7.00,48.78
1783095548.871,889244,9.00,48.78
1783095549.872,889244,8.00,48.78
1783095550.872,889244,8.00,48.78
1783095551.873,889244,8.00,48.78
1783095552.874,889244,8.00,48.78
1783095553.874,889244,9.00,48.78
1783095554.875,889244,8.00,48.78
1783095555.876,889244,8.00,48.78
1783095556.877,889244,7.00,48.78
1783095557.878,889244,8.00,48.78
1783095558.879,889244,8.00,48.78
1783095559.879,889244,9.00,48.78
1783095560.880,889244,7.00,48.78
1783095561.881,889244,9.00,48.79
1783095562.882,889244,8.00,48.79
1783095563.883,889244,8.00,48.79
1783095564.884,889244,8.00,48.79
1783095565.885,889244,8.00,48.79
1783095566.886,889244,7.00,48.79
1783095567.887,889244,9.00,48.79
1783095568.888,889244,7.00,48.80
1783095569.889,889244,8.00,48.80
1783095570.890,889244,9.00,48.80
1783095571.891,889244,8.00,48.80
1783095572.892,889244,8.00,48.80
1783095573.892,889244,7.00,48.80
1783095574.893,889244,7.00,48.80
1783095575.894,889244,7.00,48.80
1783095576.895,889244,7.00,48.80
1783095577.897,889244,6.00,48.80
1783095578.897,889244,7.00,48.80
1783095579.898,889244,7.00,48.80
1783095580.899,889244,7.00,48.80
1783095581.900,889244,8.00,48.80
1783095582.901,889244,8.00,48.80
1783095583.902,889244,9.00,48.80
1783095584.903,889244,10.00,48.80
1783095585.904,889244,8.00,48.80
1783095586.905,889244,8.00,48.80
1783095587.905,889244,7.00,48.80
1783095588.906,889244,6.00,48.81
1783095589.907,889244,9.00,48.81
1783095590.908,889244,8.00,48.81
1783095591.909,889244,9.00,48.81
1783095592.910,889244,9.00,48.81
1783095593.911,889244,9.00,48.81
1783095594.912,889244,8.00,48.81
1783095595.912,889244,9.00,48.81
1783095596.913,889244,9.00,48.81
1783095597.914,889244,8.00,48.81
1783095598.915,889244,8.00,48.81
1783095599.916,889244,9.00,48.81
1783095600.916,889244,8.00,48.81
1783095601.917,889244,8.00,48.81
1783095602.918,889244,6.00,48.81
1783095603.918,889244,7.00,48.81
1783095604.919,889244,7.00,48.81
1783095605.919,889244,8.00,48.81
1783095606.920,889244,7.00,48.81
1783095607.920,889244,7.00,48.81
1783095608.921,889244,9.00,48.81
1783095609.922,889244,9.00,48.81
1783095610.922,889244,9.00,48.81
1783095611.923,889244,8.00,48.81
1783095612.924,889244,10.00,48.81
1783095613.924,889244,9.00,48.82
1783095614.925,889244,9.00,48.82
1783095615.926,889244,9.00,48.82
1783095616.926,889244,8.00,48.82
1783095617.927,889244,10.00,48.82
1783095618.928,889244,9.00,48.82
1783095619.929,889244,9.00,48.82
1783095620.930,889244,8.00,48.82
1783095621.930,889244,10.00,48.82
1783095622.931,889244,8.00,48.82
1783095623.932,889244,8.00,48.82
1783095624.933,889244,10.00,48.82
1783095625.933,889244,7.00,48.82
1783095626.934,889244,9.00,48.82
1783095627.935,889244,9.00,48.82
1783095628.936,889244,8.00,48.82
1783095629.936,889244,8.00,48.82
1783095630.937,889244,8.00,48.82
1783095631.938,889244,8.00,48.82
1783095632.939,889244,8.00,48.82
1783095633.940,889244,7.00,48.82
1783095634.940,889244,9.00,48.82
1783095635.941,889244,8.00,48.82
1783095636.942,889244,9.00,48.82
1783095637.943,889244,8.00,48.82
1783095638.943,889244,9.00,48.82
1783095639.944,889244,9.00,48.82
1783095640.945,889244,8.00,48.82
1783095641.946,889244,8.00,48.82
1783095642.946,889244,7.00,48.82
1783095643.947,889244,8.00,48.82
1783095644.948,889244,8.00,48.82
1783095645.949,889244,8.00,48.82
1783095646.949,889244,7.00,48.84
1783095647.950,889244,8.00,48.84
1783095648.951,889244,7.00,48.84
1783095649.951,889244,8.00,48.84
1783095650.952,889244,10.00,48.84
1783095651.953,889244,7.00,48.84
1783095652.954,889244,7.00,48.84
1783095653.954,889244,8.00,48.84
1783095654.955,889244,7.00,48.84
1783095655.956,889244,8.00,48.84
1783095656.957,889244,7.00,48.84
1783095657.958,889244,9.00,48.84
1783095658.958,889244,8.00,48.84
1783095659.959,889244,8.00,48.84
1783095660.960,889244,8.00,48.84
1783095661.960,889244,9.00,48.84
1783095662.961,889244,8.00,48.84
1783095663.962,889244,8.00,48.84
1783095664.963,889244,9.00,48.84
1783095665.963,889244,8.00,48.84
1783095666.964,889244,10.00,48.84
1783095667.965,889244,10.00,48.84
1783095668.966,889244,9.00,48.84
1783095669.967,889244,8.00,48.84
1783095670.968,889244,8.00,48.84
1783095671.968,889244,8.00,48.84
1783095672.969,889244,10.00,48.84
1783095673.970,889244,9.00,48.84
1783095674.970,889244,9.00,48.84
1783095675.971,889244,8.00,48.84
1783095676.972,889244,8.00,48.84
1783095677.973,889244,9.00,48.84
1783095678.974,889244,5.00,48.84
1783095679.974,889244,9.00,48.84
1783095680.975,889244,9.00,48.84
1783095681.976,889244,8.00,48.84
1783095682.976,889244,9.00,48.84
1783095683.977,889244,9.00,48.84
1783095684.978,889244,8.00,48.84
1783095685.979,889244,10.00,48.84
1783095686.980,889244,8.00,48.84
1783095687.980,889244,9.00,48.84
1783095688.981,889244,8.00,48.84
1783095689.982,889244,9.00,48.84
1783095690.983,889244,9.00,48.84
1783095691.984,889244,8.00,48.84
1783095692.985,889244,8.00,48.84
1783095693.986,889244,9.00,48.84
1783095694.987,889244,11.00,48.84
1783095695.988,889244,9.00,48.84
1783095696.989,889244,8.00,48.84
1783095697.990,889244,9.00,48.84
1783095698.991,889244,9.00,48.84
1783095699.992,889244,9.00,48.84
1783095700.993,889244,8.00,48.84
1783095701.993,889244,9.00,48.84
1783095702.994,889244,8.00,48.84
1783095703.995,889244,9.00,48.84
1783095704.996,889244,9.00,48.84
1783095705.997,889244,8.00,48.84
1783095706.998,889244,9.00,48.84
1783095707.999,889244,9.00,48.84
1783095708.999,889244,8.00,48.84
1783095710.000,889244,10.00,48.84
1783095711.001,889244,8.00,48.84
1783095712.002,889244,9.00,48.84
1783095713.003,889244,8.00,48.84
1783095714.004,889244,9.00,48.84
1783095715.005,889244,9.00,48.84
1783095716.006,889244,8.00,48.84
1783095717.007,889244,10.00,48.84
1783095718.008,889244,9.00,48.84
1783095719.009,889244,9.00,48.84
1783095720.010,889244,9.00,48.84
1783095721.010,889244,8.00,48.84
1783095722.011,889244,10.00,48.84
1783095723.012,889244,8.00,48.84
1783095724.013,889244,8.00,48.84
1783095725.014,889244,8.00,48.84
1783095726.015,889244,9.00,48.84
1783095727.016,889244,9.00,48.84
1783095728.017,889244,7.00,48.84
1783095729.018,889244,7.00,48.84
1783095730.019,889244,8.00,48.84
1783095731.020,889244,9.00,48.84
1783095732.021,889244,8.00,48.84
1783095733.021,889244,8.00,48.84
1783095734.022,889244,8.00,48.84
1783095735.023,889244,9.00,48.84
1783095736.024,889244,8.00,48.84
1783095737.025,889244,8.00,48.84
1783095738.026,889244,7.00,48.84
1783095739.026,889244,9.00,48.84
1783095740.027,889244,8.00,48.84
1783095741.028,889244,9.00,48.84
1783095742.029,889244,8.00,48.84
1783095743.030,889244,9.00,48.84
1783095744.030,889244,7.00,48.84
1783095745.031,889244,9.00,48.84
1783095746.032,889244,8.00,48.84
1783095747.032,889244,9.00,48.84
1783095748.033,889244,8.00,48.84
1783095749.034,889244,8.00,48.84
1783095750.034,889244,9.00,48.84
1783095751.035,889244,8.00,48.84
1783095752.036,889244,8.00,48.84
1783095753.037,889244,8.00,48.84
1783095754.037,889244,8.00,48.84
1783095755.038,889244,8.00,48.84
1783095756.039,889244,8.00,48.84
1783095757.039,889244,7.00,48.84
1783095758.040,889244,9.00,48.84
1783095759.041,889244,7.00,48.84
1783095760.041,889244,7.00,48.84
1783095761.042,889244,7.00,48.84
1783095762.043,889244,9.00,48.84
1783095763.044,889244,9.00,48.84
1783095764.045,889244,7.00,48.84
1783095765.045,889244,9.00,48.84
1783095766.046,889244,9.00,48.84
1783095767.047,889244,9.00,48.84
1783095768.047,889244,8.00,48.84
1783095769.048,889244,7.00,48.84
1783095770.049,889244,6.00,48.84
1783095771.049,889244,9.00,48.84
1783095772.050,889244,9.00,48.84
1783095773.051,889244,8.00,48.84
1783095774.052,889244,9.00,48.84
1783095775.053,889244,9.00,48.84
1783095776.054,889244,8.00,48.84
1783095777.055,889244,9.00,48.84
1783095778.056,889244,8.00,48.84
1783095779.057,889244,8.00,48.84
1783095780.058,889244,8.00,48.84
1783095781.059,889244,9.00,48.84
1783095782.060,889244,8.00,48.84
1783095783.061,889244,8.00,48.84
1783095784.062,889244,9.00,48.84
1783095785.063,889244,9.00,48.84
1783095786.064,889244,8.00,48.84
1783095787.065,889244,7.00,48.84
1783095788.066,889244,9.00,48.84
1783095789.067,889244,8.00,48.84
1783095790.068,889244,8.00,48.84
1783095791.069,889244,8.00,48.84
1783095792.070,889244,9.00,48.84
1783095793.071,889244,7.00,48.84
1783095794.072,889244,7.00,48.84
1783095795.073,889244,8.00,48.84
1783095796.074,889244,8.00,48.84
1783095797.075,889244,8.00,48.84
1783095798.075,889244,6.00,48.84
1783095799.076,889244,8.00,48.84
1783095800.077,889244,7.00,48.84
1783095801.078,889244,7.00,48.84
1783095802.079,889244,8.00,48.84
1783095803.080,889244,7.00,48.84
1783095804.080,889244,8.00,48.84
1783095805.081,889244,8.00,48.84
1783095806.082,889244,9.00,48.84
1783095807.083,889244,7.00,48.84
1783095808.084,889244,8.00,48.84
1783095809.085,889244,7.00,48.84
1783095810.086,889244,8.00,48.84
1783095811.087,889244,9.00,48.84
1783095812.087,889244,7.00,48.84
1783095813.088,889244,9.00,48.84
1783095814.089,889244,9.00,48.84
1783095815.090,889244,7.00,48.84
1783095816.091,889244,9.00,48.84
1783095817.091,889244,7.00,48.84
1783095818.092,889244,7.00,48.84
1783095819.093,889244,7.00,48.84
1783095820.094,889244,6.00,48.84
1783095821.095,889244,9.00,48.84
1783095822.096,889244,7.00,48.84
1783095823.097,889244,8.00,48.84
1783095824.098,889244,8.00,48.84
1783095825.098,889244,8.00,48.84
1783095826.099,889244,7.00,48.84
1783095827.100,889244,8.00,48.84
1783095828.101,889244,8.00,48.84
1783095829.102,889244,7.00,48.84
1783095830.103,889244,8.00,48.84
1783095831.104,889244,8.00,48.84
1783095832.105,889244,9.00,48.84
1783095833.106,889244,9.00,48.84
1783095834.107,889244,8.00,48.84
1783095835.108,889244,9.00,48.84
1783095836.109,889244,9.00,48.84
1783095837.110,889244,7.00,48.84
1783095838.110,889244,9.00,48.84
1783095839.111,889244,9.00,48.84
1783095840.112,889244,8.00,48.84
1783095841.113,889244,8.00,48.84
1783095842.114,889244,7.00,48.84
1783095843.115,889244,9.00,48.84
1783095844.116,889244,8.00,48.84
1783095845.117,889244,9.00,48.84
1783095846.118,889244,8.00,48.84
1783095847.119,889244,9.00,48.84
1783095848.119,889244,8.00,48.84
1783095849.120,889244,9.00,48.84
1783095850.121,889244,8.00,48.84
1783095851.122,889244,8.00,48.84
1783095852.123,889244,8.00,48.84
1783095853.124,889244,8.00,48.84
1783095854.125,889244,8.00,48.84
1783095855.126,889244,9.00,48.84
1783095856.127,889244,8.00,48.84
1783095857.128,889244,9.00,48.84
1783095858.128,889244,8.00,48.84
1783095859.129,889244,9.00,48.84
1783095860.130,889244,4.00,48.84
1783095861.131,889244,8.00,48.84
1783095862.132,889244,9.00,48.84
1783095863.133,889244,9.00,48.84
1783095864.134,889244,7.00,48.84
1783095865.134,889244,8.00,48.84
1783095866.135,889244,7.00,48.84
1783095867.136,889244,7.00,48.84
1783095868.137,889244,8.00,48.84
1783095869.137,889244,7.00,48.84
1783095870.138,889244,6.00,48.84
1783095871.139,889244,8.00,48.84
1783095872.140,889244,6.00,48.84
1783095873.141,889244,9.00,48.84
1783095874.142,889244,7.00,48.84
1783095875.143,889244,9.00,48.84
1783095876.144,889244,8.00,48.84
1783095877.145,889244,8.00,48.84
1783095878.145,889244,9.00,48.84
1783095879.146,889244,7.00,48.84
1783095880.147,889244,8.00,48.84
1783095881.148,889244,8.00,48.84
1783095882.149,889244,6.00,48.84
1783095883.150,889244,8.00,48.84
1783095884.151,889244,9.00,48.84
1783095885.152,889244,9.00,48.84
1783095886.153,889244,7.00,48.84
1783095887.154,889244,8.00,48.84
1783095888.154,889244,9.00,48.84
1783095889.155,889244,9.00,48.84
1783095890.156,889244,7.00,48.84
1783095891.157,889244,9.00,48.84
1783095892.157,889244,8.00,48.84
1783095893.158,889244,9.00,48.84
1783095894.159,889244,8.00,48.84
1783095895.160,889244,9.00,48.84
1783095896.161,889244,8.00,48.84
1783095897.162,889244,9.00,48.84
1783095898.163,889244,8.00,48.84
1783095899.163,889244,8.00,48.84
1783095900.164,889244,9.00,48.84
1783095901.165,889244,8.00,48.84
1783095902.166,889244,8.00,48.84
1783095903.167,889244,8.00,48.84
1783095904.167,889244,10.00,48.84
1783095905.168,889244,8.00,48.84
1783095906.169,889244,8.00,48.84
1783095907.170,889244,9.00,48.84
1783095908.171,889244,8.00,48.84
1783095909.171,889244,9.00,48.84
1783095910.172,889244,7.00,48.84
1783095911.173,889244,9.00,48.84
1783095912.174,889244,8.00,48.84
1783095913.175,889244,8.00,48.85
1783095914.175,889244,8.00,48.85
1783095915.176,889244,8.00,48.85
1783095916.177,889244,8.00,48.85
1783095917.177,889244,8.00,48.85
1783095918.178,889244,8.00,48.85
1783095919.179,889244,8.00,48.85
1783095920.179,889244,9.00,48.85
1783095921.180,889244,8.00,48.85
1783095922.181,889244,9.00,48.85
1783095923.182,889244,8.00,48.85
1783095924.182,889244,9.00,48.85
1783095925.183,889244,9.00,48.85
1783095926.184,889244,9.00,48.85
1783095927.187,889244,9.00,48.85
1783095928.188,889244,8.00,48.85
1783095929.188,889244,7.00,48.85
1783095930.189,889244,7.00,48.85
1783095931.190,889244,7.00,48.85
1783095932.191,889244,6.00,48.85
1783095933.191,889244,7.00,48.85
1783095934.192,889244,7.00,48.85
1783095935.192,889244,7.00,48.85
1783095936.193,889244,7.00,48.85
1783095937.194,889244,8.00,48.85
1783095938.195,889244,7.00,48.85
1783095939.195,889244,6.00,48.85
1783095940.196,889244,7.00,48.85
1783095941.197,889244,8.00,48.85
1783095942.198,889244,9.00,48.85
1783095943.198,889244,7.00,48.85
1783095944.199,889244,9.00,48.85
1783095945.200,889244,7.00,48.85
1783095946.201,889244,9.00,48.85
1783095947.201,889244,9.00,48.85
1783095948.202,889244,8.00,48.85
1783095949.203,889244,8.00,48.85
1783095950.203,889244,7.00,48.85
1783095951.204,889244,5.00,48.85
1783095952.205,889244,8.00,48.85
1783095953.205,889244,9.00,48.85
1783095954.206,889244,7.00,48.85
1783095955.207,889244,9.00,48.85
1783095956.208,889244,9.00,48.87
1783095957.208,889244,10.00,48.87
1783095958.209,889244,9.00,48.87
1783095959.210,889244,8.00,48.87
1783095960.210,889244,8.00,48.87
1783095961.211,889244,9.00,48.87
1783095962.212,889244,7.00,48.87
1783095963.212,889244,9.00,48.87
1783095964.213,889244,8.00,48.87
1783095965.214,889244,9.00,48.88
1783095966.214,889244,8.00,48.88
1783095967.215,889244,8.00,48.88
1783095968.216,889244,8.00,48.88
1783095969.217,889244,9.00,48.88
1783095970.218,889244,7.00,48.88
1783095971.218,889244,9.00,48.88
1783095972.219,889244,8.00,48.88
1783095973.220,889244,8.00,48.88
1783095974.221,889244,7.00,48.88
1783095975.222,889244,9.00,48.88
1783095976.222,889244,8.00,48.88
1783095977.223,889244,9.00,48.88
1783095978.224,889244,10.00,48.88
1783095979.224,889244,8.00,48.88
1783095980.225,889244,8.00,48.88
1783095981.226,889244,10.00,48.88
1783095982.227,889244,7.00,48.88
1783095983.227,889244,9.00,48.88
1783095984.228,889244,13.00,48.88
1783095985.229,889244,9.00,48.88
1783095986.230,889244,9.00,48.88
1783095987.230,889244,7.00,48.88
1783095988.231,889244,8.00,48.88
1783095989.232,889244,10.00,48.88
1783095990.233,889244,7.00,48.88
1783095991.233,889244,11.00,48.88
1783095992.234,889244,8.00,48.88
1783095993.235,889244,8.00,48.88
1783095994.236,889244,7.00,48.88
1783095995.236,889244,11.00,48.88
1783095996.239,889244,7.00,48.88
1783095997.239,889244,8.00,48.88
1783095998.240,889244,8.00,48.88
1783095999.241,889244,8.00,48.88
1783096000.242,889244,8.00,48.88
1783096001.243,889244,8.00,48.88
1783096002.243,889244,9.00,48.88
1783096003.244,889244,9.00,48.88
1783096004.245,889244,8.00,48.88
1783096005.246,889244,9.00,48.88
1783096006.247,889244,9.00,48.88
1783096007.247,889244,13.00,48.88
1783096008.248,889244,8.00,48.88
1783096009.249,889244,9.00,48.88
1783096010.249,889244,11.00,48.88
1783096011.250,889244,9.00,48.88
1783096012.251,889244,8.00,48.88
1783096013.251,889244,12.00,49.27
1783096014.252,889244,9.00,49.58
1783096015.253,889244,12.00,49.89
1783096016.254,889244,9.00,50.20
1783096017.255,889244,9.00,50.45
1783096018.255,889244,7.00,50.65
1783096019.256,889244,10.00,50.84
1783096020.257,889244,8.00,50.98
1783096021.257,889244,12.00,51.02
1783096022.258,889244,8.00,51.02
1783096023.259,889244,9.00,51.08
1783096024.260,889244,8.00,51.08
1783096025.261,889244,12.00,51.08
1783096026.261,889244,8.00,51.08
1783096027.262,889244,9.00,51.08
1783096028.263,889244,11.00,51.09
1783096029.264,889244,8.00,51.09
1783096030.264,889244,9.00,51.09
1783096031.265,889244,8.00,51.09
1783096032.266,889244,10.00,51.09
1783096033.267,889244,8.00,51.09
1783096034.267,889244,9.00,51.09
1783096035.268,889244,10.00,51.09
1783096036.269,889244,8.00,51.09
1783096037.269,889244,9.00,51.09
1783096038.270,889244,10.00,51.09
1783096039.271,889244,8.00,51.09
1783096040.271,889244,8.00,51.09
1783096041.272,889244,5.00,51.09
1783096042.273,889244,8.00,51.09
1783096043.274,889244,10.00,51.42
1783096044.275,889244,12.00,51.73
1783096045.275,889244,9.00,52.03
1783096046.276,889244,9.00,52.32
1783096047.277,889244,9.00,52.60
1783096048.278,889244,9.00,52.80
1783096049.278,889244,8.00,52.98
1783096050.279,889244,10.00,53.18
1783096051.280,889244,11.00,53.19
1783096052.281,889244,9.00,53.19
1783096053.281,889244,7.00,53.18
1783096054.282,889244,9.00,53.18
1783096055.283,889244,9.00,53.18
1783096056.283,889244,9.00,53.18
1783096057.284,889244,8.00,53.18
1783096058.285,889244,8.00,53.18
1783096059.285,889244,8.00,53.18
1783096060.286,889244,7.00,53.18
1783096061.286,889244,8.00,53.18
1783096062.287,889244,7.00,53.18
1783096063.287,889244,8.00,53.18
1783096064.288,889244,8.00,53.18
1783096065.289,889244,9.00,53.18
1783096066.290,889244,7.00,53.18
1783096067.291,889244,7.00,53.18
1783096068.292,889244,7.00,53.18
1783096069.293,889244,8.00,53.18
1783096070.294,889244,10.00,53.19
1783096071.294,889244,9.00,53.19
1783096072.295,889244,10.00,53.19
1783096073.296,889244,8.00,53.19
1783096074.297,889244,9.00,53.19
1783096075.298,889244,8.00,53.19
1783096076.298,889244,8.00,53.19
1783096077.299,889244,9.00,53.19
1783096078.300,889244,11.00,53.19
1783096079.301,889244,9.00,53.19
1783096080.302,889244,8.00,53.19
1783096081.302,889244,9.00,53.19
1783096082.303,889244,9.00,53.19
1783096083.304,889244,7.00,53.19
1783096084.305,889244,10.00,53.19
1783096085.306,889244,8.00,53.19
1783096086.307,889244,8.00,53.19
1783096087.307,889244,8.00,53.19
1783096088.308,889244,9.00,53.19
1783096089.309,889244,9.00,53.19
1783096090.310,889244,9.00,53.19
1783096091.311,889244,9.00,53.19
1783096092.311,889244,12.00,53.19
1783096093.312,889244,9.00,53.19
1783096094.313,889244,8.00,53.19
1783096095.314,889244,8.00,53.19
1783096096.315,889244,9.00,53.19
1783096097.315,889244,8.00,53.19
1783096098.316,889244,9.00,53.19
1783096099.317,889244,13.00,53.19
1783096100.318,889244,8.00,53.19
1783096101.318,889244,9.00,53.19
1783096102.319,889244,7.00,53.19
1783096103.320,889244,10.00,53.19
1783096104.320,889244,8.00,53.19
1783096105.321,889244,9.00,53.19
1783096106.322,889244,13.00,53.19
1783096107.323,889244,7.00,53.19
1783096108.324,889244,9.00,53.19
1783096109.324,889244,8.00,53.19
1783096110.325,889244,8.00,53.19
1783096111.326,889244,9.00,53.19
1783096112.326,889244,12.00,53.19
1783096113.327,889244,11.00,53.19
1783096114.328,889244,7.00,53.19
1783096115.329,889244,9.00,53.19
1783096116.330,889244,9.00,53.19
1783096117.330,889244,8.00,53.19
1783096118.331,889244,8.00,53.19
1783096119.332,889244,8.00,53.19
1783096120.332,889244,12.00,53.19
1783096121.333,889244,8.00,53.19
1783096122.334,889244,8.00,53.19
1783096123.334,889244,7.00,53.19
1783096124.335,889244,8.00,53.19
1783096125.335,889244,7.00,53.19
1783096126.336,889244,7.00,53.19
1783096127.337,889244,7.00,53.19
1783096128.337,889244,7.00,53.19
1783096129.338,889244,11.00,53.19
1783096130.339,889244,8.00,53.19
1783096131.339,889244,8.00,53.19
1783096132.340,889244,3.00,53.19
1783096133.341,889244,9.00,53.19
1783096134.341,889244,8.00,53.19
1783096135.342,889244,13.00,53.56
1783096136.343,889244,9.00,53.90
1783096137.343,889244,8.00,54.21
1783096138.344,889244,9.00,54.47
1783096139.345,889244,12.00,54.55
1783096140.346,889244,7.00,54.55
1783096141.346,889244,10.00,54.55
1783096142.347,889244,10.00,54.55
1783096143.348,889244,10.00,54.55
1783096144.348,889244,7.00,54.55
1783096145.349,889244,9.00,54.55
1783096146.350,889244,9.00,54.55
1783096147.350,889244,8.00,54.55
1783096148.351,889244,9.00,54.57
1783096149.352,889244,8.00,54.57
1783096150.352,889244,12.00,54.57
1783096151.353,889244,7.00,54.57
1783096152.354,889244,9.00,54.57
1783096153.354,889244,8.00,53.38
1783096154.355,889244,10.00,53.38
1783096155.355,889244,8.00,53.38
1783096156.356,889244,11.00,53.38
1783096157.356,889244,7.00,53.38
1783096158.357,889244,9.00,53.38
1783096159.358,889244,7.00,53.38
1783096160.358,889244,9.00,53.38
1783096161.359,889244,8.00,53.38
1783096162.360,889244,8.00,53.38
1783096163.361,889244,10.00,53.38
1783096164.361,889244,9.00,53.38
1783096165.362,889244,8.00,53.38
1783096166.363,889244,12.00,53.38
1783096167.363,889244,8.00,53.38
1783096168.364,889244,8.00,53.38
1783096169.365,889244,8.00,53.38
1783096170.365,889244,8.00,53.38
1783096171.366,889244,10.00,53.38
1783096172.367,889244,10.00,53.38
1783096173.367,889244,9.00,53.38
1783096174.368,889244,9.00,53.38
1783096175.369,889244,9.00,53.38
1783096176.370,889244,8.00,53.38
1783096177.370,889244,9.00,53.38
1783096178.371,889244,8.00,53.38
1783096179.372,889244,11.00,53.38
1783096180.372,889244,9.00,53.38
1783096181.373,889244,8.00,53.38
1783096182.374,889244,10.00,53.38
1783096183.374,889244,9.00,53.38
1783096184.375,889244,10.00,53.38
1783096185.376,889244,8.00,53.38
1783096186.377,889244,10.00,53.38
1783096187.377,889244,7.00,53.38
1783096188.378,889244,7.00,53.38
1783096189.379,889244,11.00,53.38
1783096190.379,889244,7.00,53.38
1783096191.380,889244,8.00,53.38
1783096192.380,889244,8.00,53.38
1783096193.381,889244,11.00,53.38
1783096194.382,889244,8.00,53.38
1783096195.383,889244,10.00,53.38
1783096196.383,889244,9.00,53.38
1783096197.384,889244,8.00,53.38
1783096198.385,889244,11.00,53.38
1783096199.385,889244,8.00,53.38
1783096200.386,889244,9.00,53.38
1783096201.387,889244,8.00,53.38
1783096202.388,889244,12.00,53.38
1783096203.389,889244,9.00,53.38
1783096204.389,889244,8.00,53.38
1783096205.390,889244,10.00,53.38
1783096206.391,889244,9.00,53.38
1783096207.392,889244,8.00,53.38
1783096208.393,889244,8.00,53.38
1783096209.394,889244,9.00,53.38
1783096210.395,889244,8.00,53.38
1783096211.396,889244,8.00,53.38
1783096212.397,889244,8.00,53.38
1783096213.398,889244,8.00,53.38
1783096214.398,889244,9.00,53.39
1783096215.399,889244,8.00,53.39
1783096216.400,889244,10.00,53.39
1783096217.401,889244,7.00,53.39
1783096218.402,889244,9.00,53.39
1783096219.403,889244,9.00,53.39
1783096220.404,889244,9.00,53.39
1783096221.405,889244,7.00,53.39
1783096222.406,889244,6.00,53.39
1783096223.407,889244,7.00,53.39
1783096224.407,889244,12.00,52.40
1783096225.408,889244,9.00,52.40
1783096226.409,889244,7.00,52.40
1783096227.410,889244,9.00,52.40
1783096228.411,889244,8.00,52.40
1783096229.411,889244,9.00,52.40
1783096230.412,889244,9.00,52.40
1783096231.413,889244,9.00,52.40
1783096232.414,889244,8.00,52.40
1783096233.414,889244,10.00,52.40
1783096234.415,889244,9.00,52.40
1783096235.416,889244,8.00,52.40
1783096236.416,889244,10.00,52.40
1783096237.417,889244,9.00,52.40
1783096238.418,889244,8.00,52.40
1783096239.418,889244,8.00,52.40
1783096240.419,889244,10.00,52.40
1783096241.420,889244,7.00,52.40
1783096242.420,889244,10.00,52.40
1783096243.421,889244,8.00,52.40
1783096244.422,889244,10.00,52.40
1783096245.422,889244,8.00,52.40
1783096246.423,889244,9.00,52.40
1783096247.423,889244,8.00,52.40
1783096248.424,889244,9.00,52.40
1783096249.425,889244,8.00,52.40
1783096250.425,889244,9.00,52.40
1783096251.426,889244,9.00,52.40
1783096252.427,889244,8.00,52.40
1783096253.428,889244,7.00,52.40
1783096254.428,889244,8.00,52.40
1783096255.429,889244,9.00,52.40
1783096256.430,889244,9.00,52.40
1783096257.430,889244,7.00,52.40
1783096258.431,889244,8.00,52.40
1783096259.431,889244,10.00,52.40
1783096260.432,889244,8.00,52.40
1783096261.433,889244,8.00,52.40
1783096262.433,889244,8.00,52.40
1783096263.434,889244,8.00,52.40
1783096264.435,889244,9.00,52.40
1783096265.435,889244,8.00,52.40
1783096266.436,889244,11.00,52.40
1783096267.437,889244,8.00,52.40
1783096268.437,889244,9.00,52.40
1783096269.438,889244,7.00,52.40
1783096270.439,889244,9.00,52.40
1783096271.439,889244,8.00,52.40
1783096272.440,889244,8.00,52.40
1783096273.441,889244,7.00,52.40
1783096274.442,889244,8.00,52.40
1783096275.442,889244,9.00,52.40
1783096276.443,889244,8.00,52.40
1783096277.444,889244,9.00,52.40
1783096278.445,889244,9.00,52.40
1783096279.445,889244,9.00,52.40
1783096280.446,889244,10.00,52.40
1783096281.447,889244,6.00,52.40
1783096282.447,889244,9.00,52.40
1783096283.448,889244,7.00,52.40
1783096284.449,889244,8.00,52.40
1783096285.449,889244,7.00,52.40
1783096286.450,889244,8.00,52.40
1783096287.450,889244,9.00,52.40
1783096288.451,889244,7.00,52.40
1783096289.452,889244,9.00,52.40
1783096290.452,889244,8.00,52.40
1783096291.453,889244,10.00,52.40
1783096292.454,889244,9.00,52.40
1783096293.455,889244,9.00,52.40
1783096294.456,889244,9.00,52.40
1783096295.457,889244,9.00,52.40
1783096296.457,889244,8.00,52.40
1783096297.458,889244,10.00,52.40
1783096298.459,889244,9.00,52.40
1783096299.460,889244,9.00,52.40
1783096300.460,889244,9.00,52.40
1783096301.461,889244,9.00,52.40
1783096302.462,889244,9.00,52.40
1783096303.463,889244,9.00,52.40
1783096304.464,889244,9.00,52.40
1783096305.464,889244,8.00,52.40
1783096306.465,889244,9.00,52.40
1783096307.465,889244,9.00,52.40
1783096308.466,889244,9.00,52.40
1783096309.467,889244,9.00,52.40
1783096310.468,889244,10.00,52.40
1783096311.469,889244,8.00,52.40
1783096312.470,889244,8.00,52.40
1783096313.471,889244,4.00,52.40
1783096314.471,889244,9.00,52.40
1783096315.472,889244,9.00,52.40
1783096316.473,889244,8.00,52.40
1783096317.474,889244,7.00,52.40
1783096318.474,889244,7.00,52.40
1783096319.475,889244,8.00,52.40
1783096320.475,889244,7.00,52.40
1783096321.476,889244,6.00,52.40
1783096322.477,889244,8.00,52.40
1783096323.478,889244,12.00,52.40
1783096324.478,889244,7.00,52.40
1783096325.479,889244,9.00,52.40
1783096326.480,889244,7.00,52.40
1783096327.481,889244,9.00,52.40
1783096328.481,889244,8.00,52.40
1783096329.482,889244,7.00,52.40
1783096330.483,889244,9.00,52.40
1783096331.483,889244,11.00,52.40
1783096332.484,889244,8.00,52.40
1783096333.485,889244,8.00,52.40
1783096334.486,889244,7.00,52.40
1783096335.486,889244,8.00,52.40
1783096336.487,889244,8.00,52.40
1783096337.487,889244,9.00,52.40
1783096338.488,889244,8.00,52.40
1783096339.489,889244,7.00,52.40
1783096340.489,889244,9.00,52.40
1783096341.491,889244,8.00,52.40
1783096342.492,889244,9.00,52.40
1783096343.493,889244,7.00,52.40
1783096344.493,889244,8.00,52.40
1783096345.494,889244,9.00,52.40
1783096346.495,889244,8.00,52.40
1783096347.495,889244,9.00,52.40
1783096348.496,889244,8.00,52.40
1783096349.497,889244,8.00,52.40
1783096350.498,889244,8.00,52.40
1783096351.498,889244,8.00,52.40
1783096352.499,889244,9.00,52.40
1783096353.499,889244,8.00,52.40
1783096354.500,889244,7.00,52.40
1783096355.501,889244,9.00,52.40
1783096356.502,889244,7.00,52.40
1783096357.502,889244,9.00,52.40
1783096358.503,889244,8.00,52.40
1783096359.503,889244,7.00,52.40
1783096360.504,889244,8.00,52.40
1783096361.505,889244,8.00,52.40
1783096362.505,889244,9.00,52.40
1783096363.506,889244,7.00,52.40
1783096364.507,889244,7.00,52.40
1783096365.507,889244,8.00,52.40
1783096366.508,889244,9.00,52.40
1783096367.508,889244,9.00,52.40
1783096368.509,889244,9.00,52.40
1783096369.510,889244,8.00,52.40
1783096370.511,889244,9.00,52.40
1783096371.511,889244,9.00,52.40
1783096372.512,889244,9.00,52.40
1783096373.512,889244,9.00,52.40
1783096374.513,889244,9.00,52.40
1783096375.514,889244,6.00,52.40
1783096376.514,889244,8.00,52.40
1783096377.515,889244,7.00,52.40
1783096378.516,889244,9.00,52.40
1783096379.517,889244,8.00,52.40
1783096380.517,889244,8.00,52.40
1783096381.518,889244,8.00,52.40
1783096382.518,889244,7.00,52.40
1783096383.519,889244,6.00,52.40
1783096384.519,889244,8.00,52.40
1783096385.520,889244,8.00,52.40
1783096386.520,889244,8.00,52.40
1783096387.521,889244,8.00,52.40
1783096388.522,889244,8.00,52.40
1783096389.522,889244,8.00,52.40
1783096390.523,889244,8.00,52.40
1783096391.524,889244,8.00,52.40
1783096392.524,889244,7.00,52.40
1783096393.525,889244,9.00,52.40
1783096394.526,889244,8.00,52.40
1783096395.526,889244,13.00,52.40
1783096396.527,889244,7.00,52.40
1783096397.528,889244,10.00,52.40
1783096398.528,889244,9.00,52.40
1783096399.529,889244,8.00,52.40
1783096400.529,889244,9.00,52.40
1783096401.530,889244,9.00,52.40
1783096402.531,889244,10.00,52.40
1783096403.531,889244,6.00,52.40
1783096404.532,889244,6.00,52.40
1783096405.533,889244,11.00,52.40
1783096406.533,889244,8.00,52.40
1783096407.534,889244,7.00,52.40
1783096408.534,889244,9.00,52.40
1783096409.534,889244,9.00,52.40
1783096410.535,889244,7.00,52.40
1783096411.536,889244,9.00,52.40
1783096412.536,889244,7.00,52.40
1783096413.537,889244,8.00,52.40
1783096414.538,889244,7.00,52.40
1783096415.538,889244,8.00,52.40
1783096416.539,889244,7.00,52.40
1783096417.540,889244,8.00,52.40
1783096418.540,889244,8.00,52.40
1783096419.541,889244,10.00,52.40
1783096420.542,889244,8.00,52.40
1783096421.543,889244,8.00,52.40
1783096422.543,889244,8.00,52.40
1783096423.544,889244,9.00,52.40
1783096424.545,889244,8.00,52.40
1783096425.545,889244,9.00,52.40
1783096426.546,889244,10.00,52.40
1783096427.547,889244,9.00,52.40
1783096428.548,889244,8.00,52.40
1783096429.548,889244,9.00,52.40
1783096430.549,889244,10.00,52.40
1783096431.550,889244,8.00,52.40
1783096432.550,889244,8.00,52.40
1783096433.551,889244,9.00,52.40
1783096434.552,889244,11.00,52.40
1783096435.553,889244,8.00,52.40
1783096436.554,889244,8.00,52.40
1783096437.554,889244,9.00,52.40
1783096438.555,889244,9.00,52.40
1783096439.556,889244,8.00,52.40
1783096440.557,889244,9.00,52.40
1783096441.558,889244,8.00,52.40
1783096442.558,889244,9.00,52.40
1783096443.559,889244,9.00,52.40
1783096444.560,889244,7.00,52.40
1783096445.561,889244,8.00,52.40
1783096446.561,889244,7.00,52.40
1783096447.562,889244,7.00,52.40
1783096448.562,889244,8.00,52.40
1783096449.563,889244,6.00,52.40
1783096450.563,889244,7.00,52.40
1783096451.564,889244,8.00,52.40
1783096452.565,889244,8.00,52.40
1783096453.565,889244,8.00,52.40
1783096454.566,889244,8.00,52.40
1783096455.567,889244,8.00,52.40
1783096456.568,889244,9.00,52.40
1783096457.568,889244,7.00,52.40
1783096458.569,889244,8.00,52.40
1783096459.569,889244,7.00,52.40
1783096460.570,889244,9.00,52.40
1783096461.571,889244,9.00,52.40
1783096462.571,889244,8.00,52.40
1783096463.572,889244,9.00,52.40
1783096464.572,889244,8.00,52.40
1783096465.573,889244,8.00,52.40
1783096466.574,889244,8.00,52.40
1783096467.575,889244,9.00,52.40
1783096468.575,889244,10.00,52.40
1783096469.576,889244,7.00,52.40
1783096470.577,889244,8.00,52.40
1783096471.577,889244,9.00,52.40
1783096472.578,889244,9.00,52.41
1783096473.578,889244,9.00,52.41
1783096474.578,889244,9.00,52.41
1783096475.579,889244,9.00,52.41
1783096476.579,889244,9.00,52.41
1783096477.580,889244,9.00,52.41
1783096478.580,889244,9.00,52.41
1783096479.581,889244,8.00,52.41
1783096480.581,889244,7.00,52.41
1783096481.581,889244,7.00,52.41
1783096482.582,889244,9.00,52.41
1783096483.583,889244,7.00,52.41
1783096484.583,889244,8.00,52.41
1783096485.584,889244,9.00,52.41
1783096486.585,889244,7.00,52.41
1783096487.585,889244,9.00,52.41
1783096488.586,889244,8.00,52.41
1783096489.586,889244,8.00,52.41
1783096490.587,889244,8.00,52.41
1783096491.588,889244,8.00,52.41
1783096492.589,889244,9.00,52.41
1783096493.589,889244,8.00,52.41
1783096494.590,889244,4.00,52.41
1783096495.590,889244,7.00,52.41
1783096496.591,889244,14.00,52.41
1783096497.592,889244,9.00,52.41
1783096498.592,889244,8.00,52.41
1783096499.593,889244,7.00,52.41
1783096500.594,889244,9.00,52.41
1783096501.594,889244,7.00,52.41
1783096502.595,889244,7.00,52.41
1783096503.596,889244,7.00,52.41
1783096504.597,889244,7.00,52.41
1783096505.597,889244,7.00,52.41
1783096506.598,889244,8.00,52.41
1783096507.599,889244,8.00,52.41
1783096508.599,889244,8.00,52.41
1783096509.600,889244,7.00,52.41
1783096510.601,889244,7.00,52.41
1783096511.601,889244,7.00,52.41
1783096512.602,889244,8.00,52.41
1783096513.602,889244,7.00,52.41
1783096514.603,889244,7.00,52.41
1783096515.604,889244,8.00,52.41
1783096516.605,889244,8.00,52.41
1783096517.605,889244,9.00,52.41
1783096518.606,889244,9.00,52.41
1783096519.606,889244,9.00,52.41
1783096520.607,889244,9.00,52.41
1783096521.608,889244,8.00,52.41
1783096522.608,889244,9.00,52.41
1783096523.609,889244,8.00,52.41
1783096524.610,889244,9.00,52.41
1783096525.610,889244,9.00,52.41
1783096526.611,889244,10.00,52.41
1783096527.612,889244,7.00,52.41
1783096528.612,889244,9.00,52.41
1783096529.612,889244,8.00,52.41
1783096530.613,889244,10.00,52.41
1783096531.614,889244,8.00,52.41
1783096532.614,889244,9.00,52.41
1783096533.615,889244,7.00,52.41
1783096534.616,889244,8.00,52.41
1783096535.616,889244,9.00,52.41
1783096536.617,889244,9.00,52.41
1783096537.620,889244,7.00,52.41
1783096538.621,889244,9.00,52.41
1783096539.621,889244,8.00,52.41
1783096540.622,889244,9.00,52.41
1783096541.623,889244,9.00,52.41
1783096542.624,889244,8.00,52.41
1783096543.625,889244,9.00,52.41
1783096544.626,889244,8.00,52.41
1783096545.627,889244,9.00,52.41
1783096546.628,889244,8.00,52.41
1783096547.629,889244,7.00,52.41
1783096548.630,889244,9.00,52.41
1783096549.630,889244,8.00,52.41
1783096550.631,889244,7.00,52.41
1783096551.632,889244,7.00,52.41
1783096552.633,889244,8.00,52.41
1783096553.634,889244,8.00,52.41
1783096554.635,889244,8.00,52.41
1783096555.636,889244,8.00,52.41
1783096556.637,889244,7.00,52.41
1783096557.638,889244,8.00,52.41
1783096558.639,889244,7.00,52.41
1783096559.640,889244,7.00,52.41
1783096560.641,889244,7.00,52.41
1783096561.641,889244,8.00,52.41
1783096562.642,889244,7.00,52.41
1783096563.643,889244,7.00,52.41
1783096564.644,889244,9.00,52.41
1783096565.644,889244,8.00,52.41
1783096566.645,889244,7.00,52.41
1783096567.646,889244,9.00,52.41
1783096568.647,889244,7.00,52.41
1783096569.648,889244,9.00,52.41
1783096570.648,889244,8.00,52.41
1783096571.649,889244,9.00,52.41
1783096572.650,889244,7.00,52.41
1783096573.651,889244,8.00,52.41
1783096574.652,889244,8.00,52.41
1783096575.652,889244,6.00,52.41
1783096576.653,889244,8.00,52.41
1783096577.654,889244,7.00,52.41
1783096578.654,889244,8.00,52.41
1783096579.655,889244,7.00,52.41
1783096580.656,889244,8.00,52.41
1783096581.657,889244,8.00,52.41
1783096582.658,889244,8.00,52.41
1783096583.658,889244,8.00,52.41
1783096584.659,889244,7.00,52.41
1783096585.660,889244,4.00,52.41
1783096586.661,889244,7.00,52.41
1783096587.661,889244,8.00,52.41
1783096588.662,889244,7.00,52.41
1783096589.663,889244,7.00,52.41
1783096590.664,889244,9.00,52.41
1783096591.665,889244,7.00,52.41
1783096592.666,889244,7.00,52.41
1783096593.667,889244,7.00,52.41
1783096594.668,889244,8.00,52.41
1783096595.668,889244,8.00,52.41
1783096596.669,889244,8.00,52.41
1783096597.670,889244,7.00,52.41
1783096598.671,889244,8.00,52.41
1783096599.672,889244,8.00,52.41
1783096600.673,889244,8.00,52.41
1783096601.674,889244,8.00,52.41
1783096602.675,889244,7.00,52.41
1783096603.676,889244,8.00,52.41
1783096604.677,889244,7.00,52.41
1783096605.678,889244,8.00,52.41
1783096606.679,889244,7.00,52.41
1783096607.680,889244,8.00,52.41
1783096608.681,889244,8.00,52.41
1783096609.682,889244,7.00,52.41
1783096610.683,889244,8.00,52.41
1783096611.684,889244,8.00,52.41
1783096612.685,889244,8.00,52.41
1783096613.686,889244,9.00,52.41
1783096614.687,889244,8.00,52.41
1783096615.687,889244,8.00,52.41
1783096616.688,889244,9.00,52.41
1783096617.688,889244,8.00,52.41
1783096618.689,889244,10.00,52.41
1783096619.690,889244,8.00,52.41
1783096620.691,889244,9.00,52.41
1783096621.692,889244,8.00,52.41
1783096622.692,889244,9.00,52.41
1783096623.693,889244,9.00,52.41
1783096624.694,889244,7.00,52.41
1783096625.694,889244,10.00,52.41
1783096626.695,889244,8.00,52.41
1783096627.700,889244,9.00,52.41
1783096628.700,889244,8.00,52.41
1783096629.701,889244,9.00,52.41
1783096630.702,889244,8.00,52.41
1783096631.703,889244,10.90,52.41
1783096632.710,889244,9.00,52.41
1783096633.711,889244,9.00,52.41
1783096634.712,889244,8.00,52.41
1783096635.713,889244,10.00,52.41
1783096636.715,889244,8.00,52.41
1783096637.716,889244,8.00,52.41
1783096638.717,889244,7.00,52.41
1783096639.717,889244,7.00,52.41
1783096640.718,889244,7.00,52.41
1783096641.719,889244,7.00,52.41
1783096642.719,889244,7.00,52.41
1783096643.720,889244,8.00,52.41
1783096644.721,889244,7.00,52.41
1783096645.721,889244,9.00,52.41
1783096646.722,889244,8.00,52.41
1783096647.723,889244,8.00,52.41
1783096648.724,889244,8.00,52.41
1783096649.724,889244,8.00,52.41
1783096650.725,889244,9.00,52.41
1783096651.726,889244,7.00,52.41
1783096652.726,889244,8.00,52.41
1783096653.727,889244,8.00,52.41
1783096654.728,889244,8.00,52.41
1783096655.729,889244,9.00,52.41
1783096656.730,889244,9.00,52.41
1783096657.730,889244,8.00,52.41
1783096658.731,889244,9.00,52.41
1783096659.732,889244,9.00,52.41
1783096660.733,889244,8.00,52.41
1783096661.734,889244,9.00,52.41
1783096662.735,889244,9.00,52.41
1783096663.736,889244,8.00,52.41
1783096664.737,889244,9.00,52.41
1783096665.738,889244,8.00,52.41
1783096666.739,889244,9.00,52.41
1783096667.740,889244,8.00,52.41
1783096668.740,889244,9.00,52.41
1783096669.741,889244,8.00,52.41
1783096670.742,889244,9.00,52.41
1783096671.743,889244,8.00,52.41
1783096672.743,889244,9.00,52.41
1783096673.744,889244,9.00,52.41
1783096674.745,889244,9.00,52.41
1783096675.745,889244,4.00,52.41
1783096676.746,889244,9.00,52.41
1783096677.747,889244,9.00,52.41
1783096678.747,889244,8.00,52.41
1783096679.748,889244,9.00,52.41
1783096680.749,889244,9.00,52.41
1783096681.750,889244,9.00,52.41
1783096682.750,889244,8.00,52.41
1783096683.751,889244,9.00,52.41
1783096684.752,889244,8.00,52.41
1783096685.752,889244,9.00,52.41
1783096686.753,889244,7.00,52.41
1783096687.754,889244,9.00,52.41
1783096688.754,889244,10.00,52.41
1783096689.755,889244,8.00,52.41
1783096690.756,889244,8.00,52.41
1783096691.756,889244,9.00,52.41
1783096692.757,889244,8.00,52.41
1783096693.758,889244,8.00,52.41
1783096694.759,889244,9.00,52.41
1783096695.760,889244,8.00,52.41
1783096696.760,889244,9.00,52.41
1783096697.761,889244,9.00,52.41
1783096698.762,889244,8.00,52.41
1783096699.762,889244,9.00,52.41
1783096700.763,889244,8.00,52.41
1783096701.764,889244,9.00,52.41
1783096702.765,889244,8.00,52.41
1783096703.765,889244,8.00,52.41
1783096704.766,889244,7.00,52.41
1783096705.767,889244,7.00,52.41
1783096706.768,889244,8.00,52.41
1783096707.769,889244,8.00,52.41
1783096708.769,889244,7.00,52.41
1783096709.770,889244,9.00,52.41
1783096710.771,889244,9.00,52.41
1783096711.772,889244,8.00,52.41
1783096712.773,889244,8.00,52.41
1783096713.774,889244,9.00,52.41
1783096714.775,889244,9.00,52.41
1783096715.775,889244,8.00,52.41
1783096716.776,889244,8.00,52.41
1783096717.777,889244,9.00,52.41
1783096718.778,889244,8.00,52.41
1783096719.779,889244,9.00,52.41
1783096720.779,889244,10.00,52.41
1783096721.780,889244,8.00,52.41
1783096722.781,889244,9.00,52.41
1783096723.782,889244,8.00,52.41
1783096724.782,889244,9.00,52.41
1783096725.783,889244,9.00,52.41
1783096726.784,889244,8.00,52.41
1783096727.785,889244,8.00,52.41
1783096728.785,889244,9.00,52.41
1783096729.786,889244,8.00,52.41
1783096730.787,889244,10.00,52.41
1783096731.788,889244,8.00,52.41
1783096732.788,889244,8.00,52.41
1783096733.789,889244,9.00,52.41
1783096734.790,889244,9.00,52.41
1783096735.790,889244,8.00,52.41
1783096736.791,889244,8.00,52.41
1783096737.792,889244,9.00,52.41
1783096738.792,889244,9.00,52.41
1783096739.793,889244,8.00,52.41
1783096740.794,889244,9.00,52.41
1783096741.794,889244,9.00,52.41
1783096742.795,889244,8.00,52.41
1783096743.796,889244,9.00,52.41
1783096744.797,889244,8.00,52.41
1783096745.797,889244,9.00,52.41
1783096746.798,889244,8.00,52.41
1783096747.799,889244,9.00,52.41
1783096748.799,889244,8.00,52.41
1783096749.800,889244,9.00,52.41
1783096750.801,889244,8.00,52.41
1783096751.802,889244,8.00,52.41
1783096752.802,889244,10.00,52.41
1783096753.803,889244,8.00,52.41
1783096754.804,889244,9.00,52.41
1783096755.804,889244,7.00,52.41
1783096756.805,889244,8.00,52.41
1783096757.806,889244,8.00,52.41
1783096758.807,889244,8.00,52.41
1783096759.807,889244,8.00,52.41
1783096760.808,889244,6.00,52.41
1783096761.809,889244,7.00,52.41
1783096762.810,889244,8.00,52.41
1783096763.811,889244,6.00,52.41
1783096764.811,889244,7.00,52.41
1783096765.812,889244,7.00,52.41
1783096766.813,889244,4.00,52.41
1783096767.814,889244,6.00,52.41
1783096768.815,889244,7.00,52.41
1783096769.815,889244,6.00,52.41
1783096770.816,889244,7.00,52.41
1783096771.817,889244,8.00,52.41
1783096772.818,889244,7.00,52.42
1783096773.818,889244,7.00,52.42
1783096774.819,889244,9.00,52.42
1783096775.820,889244,12.00,52.42
1783096776.821,889244,9.00,52.42
1783096777.821,889244,8.00,52.42
1783096778.822,889244,9.00,52.42
1783096779.823,889244,9.00,52.42
1783096780.824,889244,8.00,52.42
1783096781.825,889244,9.00,52.42
1783096782.826,889244,8.00,52.42
1783096783.826,889244,9.00,52.42
1783096784.827,889244,9.00,52.42
1783096785.828,889244,9.00,52.42
1783096786.829,889244,8.00,52.42
1783096787.829,889244,9.00,52.42
1783096788.830,889244,9.00,52.42
1783096789.831,889244,7.00,52.42
1783096790.832,889244,7.00,52.42
1783096791.833,889244,8.00,52.42
1783096792.833,889244,8.00,52.42
1783096793.835,889244,8.00,52.42
1783096794.835,889244,7.00,52.42
1783096795.836,889244,7.00,52.42
1783096796.837,889244,8.00,52.42
1783096797.838,889244,8.00,52.42
1783096798.839,889244,7.00,52.42
1783096799.840,889244,8.00,52.42
1783096800.841,889244,9.00,52.42
1783096801.842,889244,7.00,52.42
1783096802.843,889244,9.00,52.42
1783096803.844,889244,7.00,52.42
1783096804.844,889244,8.00,52.42
1783096805.845,889244,8.00,52.42
1783096806.846,889244,7.00,52.42
1783096807.847,889244,7.00,52.42
1783096808.848,889244,9.00,52.42
1783096809.849,889244,7.00,52.42
1783096810.850,889244,9.00,52.42
1783096811.851,889244,7.00,52.42
1783096812.852,889244,8.00,52.42
1783096813.853,889244,9.00,52.42
1783096814.854,889244,8.00,52.42
1783096815.855,889244,8.00,52.42
1783096816.855,889244,7.00,52.42
1783096817.856,889244,7.00,52.42
1783096818.857,889244,9.00,52.42
1783096819.858,889244,7.00,52.42
1783096820.858,889244,8.00,52.42
1783096821.859,889244,8.00,52.42
1783096822.860,889244,8.00,52.42
1783096823.861,889244,8.00,52.42
1783096824.861,889244,8.00,52.42
1783096825.862,889244,8.00,52.42
1783096826.863,889244,9.00,52.42
1783096827.864,889244,10.00,52.42
1783096828.864,889244,8.00,52.42
1783096829.865,889244,9.00,52.42
1783096830.866,889244,9.00,52.42
1783096831.867,889244,9.00,52.42
1783096832.867,889244,9.00,52.42
1783096833.868,889244,7.00,52.42
1783096834.868,889244,7.00,52.42
1783096835.869,889244,8.00,52.42
1783096836.869,889244,7.00,52.42
1783096837.870,889244,7.00,52.42
1783096838.870,889244,7.00,52.42
1783096839.871,889244,9.00,52.42
1783096840.872,889244,9.00,52.42
1783096841.873,889244,8.00,52.42
1783096842.873,889244,8.00,52.42
1783096843.874,889244,8.00,52.42
1783096844.875,889244,9.00,52.42
1783096845.875,889244,8.00,52.42
1783096846.876,889244,9.00,52.42
1783096847.877,889244,8.00,52.42
1783096848.878,889244,9.00,52.42
1783096849.878,889244,8.00,52.42
1783096850.879,889244,8.00,52.42
1783096851.880,889244,8.00,52.42
1783096852.881,889244,9.00,52.42
1783096853.881,889244,9.00,52.42
1783096854.882,889244,8.00,52.42
1783096855.883,889244,8.00,52.42
1783096856.883,889244,5.00,52.42
1783096857.884,889244,8.00,52.42
1783096858.885,889244,8.00,52.42
1783096859.886,889244,8.00,52.42
1783096860.886,889244,8.00,52.42
1783096861.887,889244,9.00,52.42
1783096862.888,889244,8.00,52.42
1783096863.888,889244,8.00,52.42
1783096864.889,889244,9.00,52.42
1783096865.889,889244,8.00,52.42
1783096866.890,889244,9.00,52.42
1783096867.891,889244,8.00,52.42
1783096868.892,889244,9.00,52.42
1783096869.892,889244,9.00,52.42
1783096870.893,889244,9.00,52.42
1783096871.894,889244,9.00,52.42
1783096872.894,889244,7.00,52.42
1783096873.895,889244,9.00,52.42
1783096874.896,889244,9.00,52.42
1783096875.896,889244,8.00,52.42
1783096876.897,889244,8.00,52.42
1783096877.898,889244,10.00,52.42
1783096878.898,889244,8.00,52.42
1783096879.899,889244,9.00,52.42
1783096880.900,889244,8.00,52.42
1783096881.900,889244,8.00,52.42
1783096882.901,889244,9.00,52.42
1783096883.902,889244,8.00,52.42
1783096884.903,889244,9.00,52.42
1783096885.903,889244,9.00,52.42
1783096886.904,889244,8.00,52.42
1783096887.905,889244,8.00,52.42
1783096888.906,889244,8.00,52.42
1783096889.906,889244,9.00,52.42
1783096890.907,889244,8.00,52.42
1783096891.908,889244,8.00,52.42
1783096892.909,889244,7.00,52.42
1783096893.909,889244,7.00,52.42
1783096894.910,889244,7.00,52.42
1783096895.910,889244,7.00,52.42
1783096896.911,889244,7.00,52.42
1783096897.912,889244,8.00,52.42
1783096898.912,889244,8.00,52.42
1783096899.913,889244,7.00,52.42
1783096900.913,889244,8.00,52.42
1783096901.914,889244,7.00,52.42
1783096902.914,889244,7.00,52.42
1783096903.915,889244,9.00,52.42
1783096904.916,889244,8.00,52.42
1783096905.916,889244,9.00,52.42
1783096906.917,889244,9.00,52.42
1783096907.918,889244,8.00,52.42
1783096908.918,889244,8.00,52.42
1783096909.919,889244,8.00,52.42
1783096910.920,889244,8.00,52.42
1783096911.921,889244,8.00,52.42
1783096912.922,889244,9.00,52.42
1783096913.923,889244,8.00,52.42
1783096914.924,889244,15.00,52.42
1783096915.924,889244,9.00,52.42
1783096916.925,889244,8.00,52.42
1783096917.926,889244,9.00,52.42
1783096918.926,889244,8.00,52.42
1783096919.927,889244,8.00,52.42
1783096920.928,889244,9.00,52.42
1783096921.929,889244,9.00,52.42
1783096922.930,889244,8.00,52.42
1783096923.931,889244,8.00,52.42
1783096924.931,889244,8.00,52.42
1783096925.932,889244,9.00,52.42
1783096926.933,889244,10.00,52.42
1783096927.934,889244,8.00,52.42
1783096928.935,889244,10.00,52.42
1783096929.936,889244,8.00,52.42
1783096930.937,889244,9.00,52.42
1783096931.938,889244,9.00,52.42
1783096932.939,889244,8.00,52.42
1783096933.940,889244,9.00,52.42
1783096934.941,889244,9.00,52.42
1783096935.942,889244,8.00,52.42
1783096936.943,889244,8.00,52.42
1783096937.944,889244,9.00,52.42
1783096938.944,889244,8.00,52.42
1783096939.945,889244,8.00,52.42
1783096940.946,889244,9.00,52.42
1783096941.947,889244,9.00,52.42
1783096942.948,889244,8.00,52.42
1783096943.949,889244,8.00,52.42
1783096944.950,889244,9.00,52.42
1783096945.951,889244,8.00,52.42
1783096946.952,889244,9.00,52.42
1783096947.952,889244,4.00,52.42
1783096948.953,889244,9.00,52.42
1783096949.954,889244,8.00,52.42
1783096950.955,889244,9.00,52.42
1783096951.956,889244,8.00,52.42
1783096952.956,889244,8.00,52.42
1783096953.957,889244,8.00,52.42
1783096954.958,889244,8.00,52.42
1783096955.959,889244,8.00,52.42
1783096956.960,889244,10.00,52.42
1783096957.961,889244,8.00,52.42
1783096958.961,889244,7.00,52.42
1783096959.962,889244,9.00,52.42
1783096960.963,889244,9.00,52.42
1783096961.964,889244,9.00,52.42
1783096962.965,889244,7.00,52.42
1783096963.965,889244,9.00,52.42
1783096964.966,889244,7.00,52.42
1783096965.967,889244,9.00,52.42
1783096966.967,889244,8.00,52.42
1783096967.968,889244,7.00,52.42
1783096968.968,889244,9.00,52.42
1783096969.969,889244,8.00,52.42
1783096970.970,889244,9.00,52.42
1783096971.970,889244,8.00,52.42
1783096972.971,889244,7.00,52.42
1783096973.972,889244,9.00,52.42
1783096974.972,889244,8.00,52.42
1783096975.973,889244,8.00,52.42
1783096976.974,889244,10.00,52.42
1783096977.974,889244,8.00,52.42
1783096978.975,889244,8.00,52.42
1783096979.975,889244,9.00,52.42
1783096980.976,889244,8.00,52.42
1783096981.977,889244,8.00,52.42
1783096982.977,889244,8.00,52.42
1783096983.978,889244,8.00,52.42
1783096984.979,889244,10.00,52.42
1783096985.980,889244,9.00,52.42
1783096986.981,889244,8.00,52.42
1783096987.981,889244,9.00,52.42
1783096988.982,889244,8.00,52.42
1783096989.983,889244,7.00,52.42
1783096990.984,889244,8.00,52.42
1783096991.985,889244,8.00,52.42
1783096992.986,889244,9.00,52.42
1783096993.987,889244,8.00,52.42
1783096994.988,889244,9.00,52.42
1783096995.988,889244,8.00,52.42
1783096996.989,889244,7.00,52.42
1783096997.990,889244,9.00,52.42
1783096998.990,889244,9.00,52.42
1783096999.991,889244,9.00,52.42
1783097000.992,889244,8.00,52.42
1783097001.992,889244,9.00,52.42
1783097002.993,889244,8.00,52.42
1783097003.994,889244,9.00,52.42
1783097004.994,889244,7.00,52.42
1783097005.995,889244,9.00,52.42
1783097006.996,889244,8.00,52.42
1783097007.997,889244,9.00,52.42
1783097008.997,889244,10.00,52.42
1783097009.998,889244,8.00,52.42
1783097010.999,889244,9.00,52.42
1783097011.999,889244,9.00,52.42
1783097013.001,889244,9.00,52.42
1783097014.001,889244,9.00,52.42
1783097015.002,889244,8.00,52.42
1783097016.003,889244,9.00,52.42
1783097017.003,889244,8.00,52.42
1783097018.004,889244,9.00,52.42
1783097019.005,889244,8.00,52.42
1783097020.006,889244,9.00,52.42
1783097021.007,889244,8.00,52.42
1783097022.008,889244,9.00,52.42
1783097023.009,889244,9.00,52.43
1783097024.009,889244,8.00,52.43
1783097025.010,889244,9.00,52.43
1783097026.011,889244,9.00,52.43
1783097027.011,889244,7.00,52.43
1783097028.012,889244,9.00,52.43
1783097029.013,889244,9.00,52.43
1783097030.014,889244,9.00,52.43
1783097031.015,889244,9.00,52.43
1783097032.016,889244,8.00,52.43
1783097033.017,889244,8.00,52.43
1783097034.017,889244,9.00,52.43
1783097035.018,889244,9.00,52.43
1783097036.019,889244,8.00,52.43
1783097037.020,889244,7.00,52.43
1783097038.021,889244,6.00,52.43
1783097039.022,889244,5.00,52.43
1783097040.023,889244,7.00,52.43
1783097041.024,889244,8.00,52.43
1783097042.024,889244,8.00,52.43
1783097043.025,889244,8.00,52.43
1783097044.026,889244,8.00,52.43
1783097045.027,889244,9.00,52.43
1783097046.028,889244,7.00,52.43
1783097047.029,889244,8.00,52.43
1783097048.030,889244,9.00,52.44
1783097049.031,889244,7.00,52.44
1783097050.032,889244,11.00,52.44
1783097051.033,889244,8.00,52.44
1783097052.034,889244,11.00,52.44
1783097053.035,889244,9.00,52.44
1783097054.036,889244,8.00,52.44
1783097055.036,889244,8.00,52.44
1783097056.037,889244,9.00,52.44
1783097057.038,889244,8.00,52.44
1783097058.039,889244,8.00,52.44
1783097059.040,889244,9.00,52.44
1783097060.041,889244,8.00,52.44
1783097061.042,889244,7.00,52.44
1783097062.042,889244,9.00,52.44
1783097063.043,889244,7.00,52.44
1783097064.044,889244,6.00,52.44
1783097065.045,889244,8.00,52.44
1783097066.046,889244,8.00,52.44
1783097067.047,889244,7.00,52.44
1783097068.048,889244,8.00,52.44
1783097069.048,889244,7.00,52.44
1783097070.049,889244,7.00,52.44
1783097071.050,889244,9.00,52.44
1783097072.051,889244,7.00,52.44
1783097073.052,889244,8.00,52.44
1783097074.053,889244,6.00,52.44
1783097075.053,889244,9.00,52.44
1783097076.054,889244,8.00,52.44
1783097077.055,889244,8.00,52.44
1783097078.056,889244,9.00,52.44
1783097079.057,889244,7.00,52.44
1783097080.058,889244,6.00,52.44
1783097081.058,889244,7.00,52.44
1783097082.059,889244,7.00,52.44
1783097083.060,889244,7.00,52.44
1783097084.061,889244,7.00,52.44
1783097085.062,889244,6.00,52.44
1783097086.063,889244,8.00,52.44
1783097087.064,889244,7.00,52.44
1783097088.065,889244,9.00,52.44
1783097089.066,889244,9.00,52.44
1783097090.067,889244,9.00,52.44
1783097091.068,889244,8.00,52.44
1783097092.069,889244,8.00,52.44
1783097093.070,889244,9.00,52.44
1783097094.071,889244,8.00,52.44
1783097095.071,889244,8.00,52.44
1783097096.072,889244,9.00,52.44
1783097097.073,889244,9.00,52.44
1783097098.074,889244,9.00,52.44
1783097099.075,889244,9.00,52.44
1783097100.076,889244,8.00,52.44
1783097101.076,889244,10.00,52.44
1783097102.077,889244,9.00,52.44
1783097103.078,889244,8.00,52.44
1783097104.079,889244,7.00,52.44
1783097105.080,889244,8.00,52.44
1783097106.081,889244,7.00,52.44
1783097107.081,889244,7.00,52.44
1783097108.082,889244,7.00,52.44
1783097109.083,889244,6.00,52.44
1783097110.084,889244,8.00,52.44
1783097111.085,889244,7.00,52.44
1783097112.086,889244,7.00,52.44
1783097113.087,889244,7.00,52.44
1783097114.087,889244,6.00,52.44
1783097115.088,889244,8.00,52.44
1783097116.089,889244,8.00,52.44
1783097117.090,889244,8.00,52.44
1783097118.091,889244,9.00,52.44
1783097119.091,889244,7.00,52.44
1783097120.092,889244,8.00,52.44
1783097121.093,889244,7.00,52.44
1783097122.094,889244,8.00,52.44
1783097123.095,889244,8.00,52.44
1783097124.096,889244,9.00,52.44
1783097125.097,889244,7.00,52.44
1783097126.098,889244,8.00,52.44
1783097127.098,889244,7.00,52.44
1783097128.099,889244,7.00,52.44
1783097129.099,889244,3.00,52.44
1783097130.100,889244,9.00,52.44
1783097131.100,889244,7.00,52.44
1783097132.101,889244,9.00,52.44
1783097133.101,889244,7.00,52.44
1783097134.102,889244,9.00,52.44
1783097135.103,889244,10.00,52.44
1783097136.103,889244,8.00,52.44
1783097137.104,889244,9.00,52.44
1783097138.104,889244,9.00,52.44
1783097139.105,889244,8.00,52.44
1783097140.106,889244,9.00,52.44
1783097141.106,889244,10.00,52.44
1783097142.107,889244,9.00,52.44
1783097143.107,889244,7.00,52.44
1783097144.108,889244,9.00,52.44
1783097145.109,889244,8.00,52.44
1783097146.110,889244,9.00,52.44
1783097147.111,889244,8.00,52.44
1783097148.111,889244,9.00,52.44
1783097149.112,889244,9.00,52.44
1783097150.113,889244,10.00,52.44
1783097151.113,889244,8.00,52.44
1783097152.114,889244,9.00,52.44
1783097153.115,889244,8.00,52.44
1783097154.115,889244,8.00,52.44
1783097155.116,889244,9.00,52.44
1783097156.117,889244,9.00,52.44
1783097157.117,889244,8.00,52.44
1783097158.118,889244,8.00,52.44
1783097159.118,889244,10.00,52.44
1783097160.119,889244,8.00,52.44
1783097161.120,889244,8.00,52.44
1783097162.120,889244,8.00,52.44
1783097163.121,889244,9.00,52.44
1783097164.121,889244,8.00,52.44
1783097165.122,889244,8.00,52.44
1783097166.123,889244,9.00,52.44
1783097167.123,889244,9.00,52.44
1783097168.124,889244,8.00,52.44
1783097169.124,889244,8.00,52.44
1783097170.125,889244,8.00,52.44
1783097171.126,889244,8.00,52.44
1783097172.126,889244,9.00,52.44
1783097173.127,889244,8.00,52.44
1783097174.128,889244,8.00,52.44
1783097175.128,889244,8.00,52.44
1783097176.129,889244,8.00,52.44
1783097177.129,889244,8.00,52.44
1783097178.130,889244,7.00,52.44
1783097179.130,889244,8.00,52.44
1783097180.131,889244,9.00,52.44
1783097181.132,889244,9.00,52.44
1783097182.133,889244,8.00,52.44
1783097183.134,889244,10.00,52.44
1783097184.134,889244,8.00,52.44
1783097185.135,889244,8.00,52.44
1783097186.136,889244,9.00,52.44
1783097187.137,889244,9.00,52.44
1783097188.138,889244,9.00,52.44
1783097189.140,889244,8.00,52.44
1783097190.141,889244,18.00,52.44
1783097191.142,889244,8.00,52.44
1783097192.143,889244,8.00,52.44
1783097193.144,889244,9.00,52.44
1783097194.145,889244,8.00,52.44
1783097195.146,889244,9.00,52.44
1783097196.147,889244,7.00,52.44
1783097197.148,889244,8.00,52.44
1783097198.149,889244,9.00,52.44
1783097199.150,889244,9.00,52.44
1783097200.150,889244,9.00,52.44
1783097201.152,889244,8.00,52.44
1783097202.153,889244,8.00,52.44
1783097203.154,889244,8.00,52.44
1783097204.155,889244,7.00,52.44
1783097205.155,889244,7.00,52.44
1783097206.156,889244,7.00,52.44
1783097207.157,889244,7.00,52.44
1783097208.158,889244,7.00,52.44
1783097209.159,889244,8.00,52.44
1783097210.160,889244,7.00,52.44
1783097211.161,889244,8.00,52.44
1783097212.161,889244,9.00,52.44
1783097213.162,889244,7.00,52.44
1783097214.163,889244,9.00,52.44
1783097215.164,889244,8.00,52.44
1783097216.164,889244,9.00,52.44
1783097217.165,889244,8.00,52.44
1783097218.166,889244,9.00,52.44
1783097219.167,889244,8.00,52.44
1783097220.170,889244,4.00,52.44
1783097221.171,889244,9.00,52.44
1783097222.171,889244,9.00,52.44
1783097223.174,889244,9.00,52.44
1783097224.175,889244,8.00,52.44
1783097225.176,889244,8.00,52.44
1783097226.177,889244,9.00,52.44
1783097227.178,889244,8.00,52.44
1783097228.178,889244,8.00,52.44
1783097229.180,889244,9.00,52.44
1783097230.181,889244,9.00,52.44
1783097231.182,889244,7.00,52.44
1783097232.183,889244,9.00,52.44
1783097233.184,889244,7.00,52.44
1783097234.184,889244,8.00,52.44
1783097235.185,889244,9.00,52.44
1783097236.186,889244,8.00,52.44
1783097237.187,889244,8.00,52.44
1783097238.188,889244,8.00,52.44
1783097239.188,889244,8.00,52.44
1783097240.189,889244,9.00,52.44
1783097241.190,889244,8.00,52.44
1783097242.190,889244,8.00,52.44
1783097243.191,889244,9.00,52.44
1783097244.191,889244,8.00,52.44
1783097245.192,889244,8.00,52.44
1783097246.192,889244,7.00,52.44
1783097247.193,889244,8.00,52.44
1783097248.194,889244,8.00,52.44
1783097249.194,889244,8.00,52.44
1783097250.195,889244,9.00,52.44
1783097251.196,889244,8.00,52.44
1783097252.197,889244,9.00,52.44
1783097253.198,889244,8.00,52.44
1783097254.199,889244,8.00,52.44
1783097255.200,889244,7.00,52.44
1783097256.201,889244,9.00,52.44
1783097257.202,889244,8.00,52.44
1783097258.203,889244,8.00,52.44
1783097259.203,889244,9.00,52.44
1783097260.204,889244,8.00,52.44
1783097261.205,889244,9.00,52.44
1783097262.206,889244,8.00,52.44
1783097263.206,889244,8.00,52.44
1783097264.207,889244,8.00,52.44
1783097265.208,889244,8.00,52.44
1783097266.208,889244,8.00,52.44
1783097267.209,889244,8.00,52.44
1783097268.210,889244,7.00,52.44
1783097269.210,889244,9.00,52.44
1783097270.211,889244,9.00,52.44
1783097271.211,889244,7.00,52.44
1783097272.212,889244,8.00,52.44
1783097273.213,889244,8.00,52.44
1783097274.213,889244,9.00,52.44
1783097275.214,889244,8.00,52.44
1783097276.215,889244,8.00,52.44
1783097277.216,889244,7.00,52.44
1783097278.217,889244,7.00,52.44
1783097279.218,889244,8.00,52.44
1783097280.219,889244,7.00,52.44
1783097281.220,889244,8.00,52.44
1783097282.220,889244,8.00,52.44
1783097283.221,889244,7.00,52.44
1783097284.222,889244,8.00,52.44
1783097285.223,889244,9.00,52.44
1783097286.223,889244,8.00,52.44
1783097287.224,889244,8.00,52.44
1783097288.225,889244,8.00,52.44
1783097289.226,889244,9.00,52.44
1783097290.227,889244,9.00,52.44
1783097291.228,889244,8.00,52.44
1783097292.228,889244,9.00,52.44
1783097293.229,889244,8.00,52.44
1783097294.230,889244,8.00,52.44
1783097295.231,889244,9.00,52.44
1783097296.231,889244,7.00,52.44
1783097297.232,889244,9.00,52.44
1783097298.233,889244,7.00,52.44
1783097299.234,889244,8.00,52.44
1783097300.234,889244,9.00,52.44
1783097301.235,889244,8.00,52.44
1783097302.236,889244,8.00,52.44
1783097303.237,889244,8.00,52.44
1783097304.238,889244,8.00,52.44
1783097305.238,889244,8.00,52.44
1783097306.239,889244,9.00,52.44
1783097307.240,889244,7.00,52.44
1783097308.241,889244,7.00,52.44
1783097309.241,889244,8.00,52.44
1783097310.242,889244,4.00,52.44
1783097311.243,889244,8.00,52.44
1783097312.244,889244,8.00,52.44
1783097313.245,889244,7.00,52.44
1783097314.246,889244,9.00,52.44
1783097315.246,889244,6.00,52.44
1783097316.247,889244,8.00,52.44
1783097317.248,889244,8.00,52.44
1783097318.248,889244,8.00,52.44
1783097319.249,889244,8.00,52.44
1783097320.250,889244,8.00,52.44
1783097321.251,889244,8.00,52.44
1783097322.251,889244,11.00,52.44
1783097323.252,889244,7.00,52.44
1783097324.253,889244,9.00,52.44
1783097325.254,889244,8.00,52.44
1783097326.255,889244,8.00,52.44
1783097327.256,889244,9.00,52.44
1783097328.257,889244,12.00,52.44
1783097329.258,889244,9.00,52.44
1783097330.259,889244,8.00,52.44
1783097331.260,889244,10.00,52.44
1783097332.261,889244,8.00,52.44
1783097333.262,889244,8.00,52.44
1783097334.262,889244,9.00,52.44
1783097335.263,889244,7.00,52.44
1783097336.264,889244,9.00,52.44
1783097337.264,889244,7.00,52.44
1783097338.265,889244,9.00,52.44
1783097339.265,889244,8.00,52.44
1783097340.266,889244,9.00,52.44
1783097341.267,889244,9.00,52.44
1783097342.268,889244,9.00,52.44
1783097343.268,889244,6.00,52.44
1783097344.269,889244,8.00,52.44
1783097345.270,889244,7.00,52.44
1783097346.271,889244,8.00,52.44
1783097347.272,889244,8.00,52.44
1783097348.272,889244,7.00,52.44
1783097349.273,889244,9.00,52.44
1783097350.274,889244,7.00,52.44
1783097351.275,889244,8.00,52.44
1783097352.276,889244,8.00,52.44
1783097353.277,889244,8.00,52.44
1783097354.278,889244,8.00,52.44
1783097355.279,889244,9.00,52.44
1783097356.280,889244,8.00,52.44
1783097357.281,889244,9.00,52.44
1783097358.282,889244,8.00,52.44
1783097359.283,889244,9.00,52.44
1783097360.284,889244,8.00,52.44
1783097361.285,889244,8.00,52.44
1783097362.285,889244,10.00,52.44
1783097363.286,889244,8.00,52.44
1783097364.287,889244,8.00,52.44
1783097365.288,889244,7.00,52.44
1783097366.289,889244,8.00,52.44
1783097367.290,889244,9.00,52.44
1783097368.290,889244,7.00,52.44
1783097369.291,889244,9.00,52.44
1783097370.292,889244,8.00,52.44
1783097371.293,889244,7.00,52.44
1783097372.294,889244,7.00,52.44
1783097373.295,889244,9.00,52.44
1783097374.296,889244,7.00,52.44
1783097375.297,889244,9.00,52.44
1783097376.298,889244,7.00,52.44
1783097377.299,889244,8.00,52.44
1783097378.300,889244,7.00,52.44
1783097379.300,889244,8.00,52.44
1783097380.301,889244,8.00,52.44
1783097381.302,889244,7.00,52.44
1783097382.303,889244,7.00,52.44
1783097383.304,889244,7.00,52.44
1783097384.305,889244,8.00,52.44
1783097385.306,889244,7.00,52.44
1783097386.306,889244,8.00,52.44
1783097387.307,889244,7.00,52.44
1783097388.308,889244,8.00,52.44
1783097389.311,889244,7.00,52.44
1783097390.314,889244,8.00,52.44
1783097391.315,889244,9.00,52.44
1783097392.316,889244,8.00,52.44
1783097393.317,889244,9.00,52.44
1783097394.317,889244,7.00,52.44
1783097395.318,889244,8.00,52.44
1783097396.319,889244,7.00,52.44
1783097397.320,889244,8.00,52.44
1783097398.320,889244,7.00,52.44
1783097399.321,889244,8.00,52.44
1783097400.322,889244,9.00,52.44
1783097401.322,889244,5.00,52.44
1783097402.323,889244,8.00,52.44
1783097403.324,889244,9.00,52.44
1783097404.325,889244,8.00,52.44
1783097405.325,889244,8.00,52.44
1783097406.326,889244,10.00,52.44
1783097407.327,889244,7.00,52.44
1783097408.328,889244,8.00,52.44
1783097409.329,889244,9.00,52.44
1783097410.329,889244,9.00,52.44
1783097411.330,889244,8.00,52.44
1783097412.331,889244,8.00,52.44
1783097413.332,889244,9.00,52.44
1783097414.333,889244,8.00,52.44
1783097415.333,889244,8.00,52.44
1783097416.334,889244,8.00,52.44
1783097417.335,889244,9.00,52.44
1783097418.336,889244,8.00,52.44
1783097419.337,889244,8.00,52.44
1783097420.337,889244,9.00,52.44
1783097421.338,889244,8.00,52.44
1783097422.339,889244,8.00,52.44
1783097423.340,889244,8.00,52.44
1783097424.340,889244,9.00,52.44
1783097425.341,889244,8.00,52.44
1783097426.342,889244,7.00,52.44
1783097427.343,889244,9.00,52.44
1783097428.344,889244,8.00,52.44
1783097429.345,889244,9.00,52.44
1783097430.346,889244,8.00,52.44
1783097431.347,889244,9.00,52.44
1783097432.348,889244,8.00,52.44
1783097433.348,889244,9.00,52.44
1783097434.349,889244,7.00,52.44
1783097435.350,889244,9.00,52.44
1783097436.353,889244,8.00,52.44
1783097437.353,889244,9.00,52.44
1783097438.354,889244,7.00,52.44
1783097439.355,889244,9.00,52.44
1783097440.356,889244,8.00,52.44
1783097441.356,889244,7.00,52.44
1783097442.357,889244,7.00,52.44
1783097443.362,889244,8.00,52.44
1783097444.367,889244,7.00,52.44
1783097445.367,889244,9.00,52.44
1783097446.368,889244,6.00,52.44
1783097447.369,889244,7.00,52.44
1783097448.369,889244,7.00,52.44
1783097449.370,889244,6.00,52.44
1783097450.373,889244,7.00,52.44
1783097451.373,889244,8.00,52.44
1783097452.374,889244,7.00,52.44
1783097453.375,889244,6.00,52.44
1783097454.375,889244,7.00,52.44
1783097455.376,889244,8.00,52.44
1783097456.377,889244,6.00,52.44
1783097457.378,889244,7.00,52.44
1783097458.382,889244,7.00,52.44
1783097459.383,889244,8.00,52.44
1783097460.384,889244,8.00,52.44
1783097461.385,889244,7.00,52.44
1783097462.386,889244,7.00,52.44
1783097463.387,889244,8.00,52.44
1783097464.388,889244,6.00,52.44
1783097465.389,889244,9.00,52.44
1783097466.389,889244,8.00,52.44
1783097467.390,889244,7.00,52.44
1783097468.391,889244,7.00,52.44
1783097469.392,889244,7.00,52.44
1783097470.393,889244,6.00,52.44
1783097471.394,889244,8.00,52.44
1783097472.395,889244,7.00,52.44
1783097473.395,889244,7.00,52.44
1783097474.396,889244,8.00,52.44
1783097475.396,889244,8.00,52.44
1783097476.397,889244,7.00,52.44
1783097477.398,889244,8.00,52.44
1783097478.399,889244,9.00,52.44
1783097479.399,889244,8.00,52.44
1783097480.400,889244,8.00,52.44
1783097481.401,889244,8.00,52.44
1783097482.402,889244,8.00,52.44
1783097483.402,889244,9.00,52.44
1783097484.403,889244,8.00,52.44
1783097485.404,889244,7.00,52.44
1783097486.404,889244,8.00,52.44
1783097487.405,889244,8.00,52.44
1783097488.405,889244,9.00,52.44
1783097489.406,889244,8.00,52.44
1783097490.407,889244,9.00,52.44
1783097491.408,889244,4.00,52.44
1783097492.408,889244,7.00,52.44
1783097493.409,889244,10.00,52.44
1783097494.410,889244,8.00,52.44
1783097495.411,889244,8.00,52.44
1783097496.411,889244,8.00,52.44
1783097497.412,889244,8.00,52.44
1783097498.413,889244,7.00,52.44
1783097499.414,889244,8.00,52.44
1783097500.414,889244,9.00,52.44
1783097501.415,889244,8.00,52.44
1783097502.416,889244,9.00,52.44
1783097503.417,889244,7.00,52.44
1783097504.417,889244,9.00,52.44
1783097505.417,889244,9.00,52.44
1783097506.418,889244,7.00,52.44
1783097507.419,889244,9.00,52.44
1783097508.419,889244,8.00,52.44
1783097509.420,889244,8.00,52.44
1783097510.421,889244,8.00,52.44
1783097511.421,889244,8.00,52.44
1783097512.422,889244,7.00,52.44
1783097513.423,889244,7.00,52.44
1783097514.423,889244,9.00,52.44
1783097515.424,889244,6.00,52.44
1783097516.425,889244,7.00,52.44
1783097517.425,889244,7.00,52.44
1783097518.426,889244,6.00,52.44
1783097519.427,889244,6.00,52.44
1783097520.427,889244,7.00,52.44
1783097521.428,889244,9.00,52.44
1783097522.429,889244,8.00,52.44
1783097523.430,889244,6.00,52.44
1783097524.431,889244,8.00,52.44
1783097525.431,889244,8.00,52.44
1783097526.432,889244,8.00,52.44
1783097527.433,889244,7.00,52.44
1783097528.434,889244,7.00,52.44
1783097529.435,889244,8.00,52.44
1783097530.435,889244,9.00,52.61
1783097531.436,889244,9.00,52.84
1783097532.437,889244,8.00,53.04
1783097533.439,889244,9.00,53.25
1783097534.440,889244,9.00,53.28
1783097535.441,889244,8.00,53.28
1783097536.441,889244,9.00,53.28
1783097537.442,889244,9.00,53.28
1783097538.443,889244,7.00,53.28
1783097539.443,889244,9.00,53.28
1783097540.444,889244,9.00,53.28
1783097541.445,889244,9.00,53.28
1783097542.446,889244,7.00,53.28
1783097543.446,889244,9.00,53.28
1783097544.447,889244,8.00,53.28
1783097545.448,889244,10.00,53.28
1783097546.448,889244,8.00,53.28
1783097547.449,889244,8.00,53.28
1783097548.450,889244,7.00,53.28
1783097549.451,889244,9.00,53.28
1783097550.451,889244,9.00,53.28
1783097551.452,889244,8.00,53.28
1783097552.453,889244,7.00,53.28
1783097553.454,889244,8.00,53.28
1783097554.454,889244,7.00,53.28
1783097555.455,889244,9.00,53.28
1783097556.456,889244,8.00,53.28
1783097557.457,889244,8.00,53.28
1783097558.457,889244,7.00,53.28
1783097559.458,889244,9.00,53.28
1783097560.459,889244,8.00,53.28
1783097561.460,889244,9.00,53.28
1783097562.460,889244,11.00,53.28
1783097563.461,889244,8.00,53.28
1783097564.462,889244,8.00,53.28
1783097565.462,889244,9.00,53.28
1783097566.463,889244,8.00,53.28
1783097567.464,889244,8.00,53.28
1783097568.464,889244,9.00,53.28
1783097569.465,889244,7.00,53.28
1783097570.465,889244,9.00,53.28
1783097571.466,889244,9.00,53.28
1783097572.467,889244,9.00,53.28
1783097573.468,889244,11.00,53.28
1783097574.468,889244,8.00,53.28
1783097575.469,889244,8.00,53.28
1783097576.469,889244,12.00,53.28
1783097577.470,889244,8.00,53.28
1783097578.471,889244,8.00,53.28
1783097579.472,889244,8.00,53.28
1783097580.472,889244,12.00,53.28
1783097581.473,889244,9.00,53.28
1783097582.474,889244,0.00,53.28
1783097583.475,889244,0.00,53.28
1783097584.475,889244,1.00,53.28
1783097585.476,889244,6.00,53.28
1783097586.477,889244,8.00,53.28
1783097587.477,889244,9.00,53.28
1783097588.478,889244,9.00,53.28
1783097589.479,889244,8.00,53.28
1783097590.479,889244,9.00,53.28
1783097591.480,889244,8.00,53.28
1783097592.480,889244,9.00,53.28
1783097593.481,889244,9.00,53.29
1783097594.482,889244,6.00,53.29
1783097595.482,889244,7.00,53.29
1783097596.483,889244,9.00,53.29
1783097597.484,889244,7.00,53.29
1783097598.484,889244,10.00,53.29
1783097599.489,889244,10.90,53.29
1783097600.490,889244,10.00,53.29
1783097601.491,889244,8.00,53.29
1783097602.492,889244,8.00,53.29
1783097603.492,889244,18.00,51.36
1783097604.495,889244,8.00,51.36
1783097605.496,889244,7.00,51.36
1783097606.497,889244,7.00,51.36
1783097607.498,889244,8.00,51.36
1783097608.499,889244,7.00,51.36
1783097609.499,889244,5.00,51.36
1783097610.502,889244,7.00,51.36
1783097611.503,889244,6.00,51.36
1783097612.504,889244,7.00,51.36
1783097613.505,889244,6.00,51.36
1783097614.506,889244,7.00,51.36
1783097615.507,889244,7.00,51.36
1783097616.507,889244,6.00,51.36
1783097617.508,889244,8.00,51.36
1783097618.509,889244,8.00,51.36
1783097619.510,889244,7.00,51.36
1783097620.510,889244,8.00,51.36
1783097621.511,889244,7.00,51.36
1783097622.512,889244,8.00,51.36
1783097623.512,889244,7.00,51.36
1783097624.513,889244,8.00,51.36
1783097625.513,889244,7.00,51.36
1783097626.514,889244,9.00,51.36
1783097627.514,889244,8.00,51.36
1783097628.515,889244,9.00,51.36
1783097629.516,889244,9.00,51.36
1783097630.516,889244,8.00,51.36
1783097631.517,889244,9.00,51.36
1783097632.518,889244,8.00,51.36
1783097633.519,889244,9.00,51.36
1783097634.520,889244,8.00,51.36
1783097635.520,889244,9.00,51.36
1783097636.521,889244,8.00,51.36
1783097637.522,889244,9.00,51.36
1783097638.522,889244,9.00,51.36
1783097639.523,889244,8.00,51.36
1783097640.524,889244,8.00,51.36
1783097641.525,889244,9.00,51.36
1783097642.526,889244,8.00,51.36
1783097643.526,889244,9.00,51.36
1783097644.527,889244,8.00,51.36
1783097645.528,889244,9.00,51.36
1783097646.529,889244,9.00,51.36
1783097647.529,889244,8.00,51.36
1783097648.530,889244,8.00,51.36
1783097649.531,889244,9.00,51.36
1783097650.532,889244,8.00,51.36
1783097651.533,889244,7.00,51.36
1783097652.533,889244,9.00,51.36
1783097653.534,889244,8.00,51.36
1783097654.534,889244,8.00,51.36
1783097655.535,889244,8.00,51.36
1783097656.536,889244,9.00,51.36
1783097657.536,889244,7.00,51.36
1783097658.537,889244,9.00,51.36
1783097659.538,889244,8.00,51.36
1783097660.539,889244,9.00,51.37
1783097661.540,889244,8.00,51.37
1783097662.541,889244,8.00,51.37
1783097663.542,889244,8.00,51.37
1783097664.543,889244,7.00,51.37
1783097665.544,889244,8.00,51.37
1783097666.544,889244,7.00,51.37
1783097667.545,889244,8.00,51.37
1783097668.546,889244,7.00,51.37
1783097669.547,889244,8.00,51.37
1783097670.548,889244,8.00,51.37
1783097671.549,889244,8.00,51.37
1783097672.550,889244,7.00,51.37
1783097673.550,889244,10.00,51.37
1783097674.551,889244,9.00,51.37
1783097675.552,889244,2.00,51.37
1783097676.553,889244,0.00,51.37
1783097677.554,889244,0.00,51.37
1783097678.555,889244,4.00,51.37
1783097679.556,889244,9.00,51.37
1783097680.557,889244,8.00,51.37
1783097681.558,889244,8.00,51.37
1783097682.559,889244,9.00,51.37
1783097683.560,889244,9.00,51.37
1783097684.561,889244,8.00,51.37
1783097685.562,889244,8.00,51.37
1783097686.563,889244,8.00,51.37
1783097687.564,889244,9.00,51.37
1783097688.565,889244,8.00,51.37
1783097689.566,889244,9.00,51.37
1783097690.567,889244,9.00,51.37
1783097691.568,889244,8.00,51.37
1783097692.569,889244,9.00,51.37
1783097693.570,889244,8.00,51.37
1783097694.571,889244,9.00,51.37
1783097695.572,889244,8.00,51.37
1783097696.573,889244,8.00,51.37
1783097697.574,889244,9.00,51.37
1783097698.575,889244,9.00,51.37
1783097699.576,889244,8.00,51.37
1783097700.577,889244,9.00,51.37
1783097701.578,889244,8.00,51.37
1783097702.579,889244,8.00,51.37
1783097703.583,889244,9.00,51.37
1783097704.583,889244,9.00,51.37
1783097705.584,889244,9.00,51.37
1783097706.585,889244,8.00,51.37
1783097707.586,889244,9.00,51.37
1783097708.587,889244,8.00,51.37
1783097709.588,889244,9.00,51.37
1783097710.589,889244,8.00,51.37
1783097711.590,889244,8.00,51.37
1783097712.591,889244,10.00,51.37
1783097713.592,889244,9.00,51.37
1783097714.593,889244,8.00,51.37
1783097715.593,889244,8.00,51.37
1783097716.594,889244,8.00,51.37
1783097717.595,889244,6.00,51.37
1783097718.596,889244,8.00,51.37
1783097719.596,889244,8.00,51.37
1783097720.597,889244,8.00,51.37
1783097721.598,889244,7.00,51.37
1783097722.599,889244,8.00,51.37
1783097723.599,889244,8.00,51.37
1783097724.600,889244,10.00,51.37
1783097725.601,889244,8.00,51.37
1783097726.602,889244,9.00,51.37
1783097727.603,889244,9.00,51.37
1783097728.604,889244,9.00,51.37
1783097729.604,889244,8.00,51.37
1783097730.605,889244,8.00,51.37
1783097731.606,889244,10.00,51.37
1783097732.607,889244,8.00,51.37
1783097733.608,889244,9.00,51.37
1783097734.609,889244,9.00,51.37
1783097735.610,889244,9.00,51.37
1783097736.610,889244,8.00,51.37
1783097737.611,889244,9.00,51.37
1783097738.612,889244,8.00,51.37
1783097739.613,889244,8.00,51.37
1783097740.614,889244,9.00,51.37
1783097741.614,889244,8.00,51.37
1783097742.615,889244,8.00,51.37
1783097743.616,889244,9.00,51.37
1783097744.617,889244,8.00,51.37
1783097745.618,889244,8.00,51.37
1783097746.619,889244,8.00,51.37
1783097747.619,889244,7.00,51.37
1783097748.620,889244,8.00,51.37
1783097749.621,889244,7.00,51.37
1783097750.622,889244,8.00,51.37
1783097751.623,889244,8.00,51.37
1783097752.627,889244,10.00,51.37
1783097753.628,889244,8.00,51.37
1783097754.629,889244,8.00,51.37
1783097755.630,889244,9.00,51.37
1783097756.631,889244,9.00,51.37
1783097757.631,889244,9.00,51.37
1783097758.636,889244,9.00,51.37
1783097759.636,889244,9.00,51.37
1783097760.637,889244,9.00,51.37
1783097761.638,889244,8.00,51.37
1783097762.639,889244,8.00,51.37
1783097763.640,889244,9.00,51.37
1783097764.642,889244,11.00,51.37
1783097765.643,889244,8.00,51.37
1783097766.644,889244,9.00,51.37
1783097767.644,889244,11.00,51.37
1783097768.645,889244,5.00,51.37
1783097769.646,889244,8.00,51.37
1783097770.646,889244,9.00,51.37
1783097771.647,889244,8.00,51.37
1783097772.648,889244,8.00,51.37
1783097773.649,889244,9.00,51.37
1783097774.649,889244,9.00,51.37
1783097775.650,889244,8.00,51.37
1783097776.650,889244,8.00,51.37
1783097777.651,889244,8.00,51.37
1783097778.652,889244,10.00,51.37
1783097779.652,889244,8.00,51.37
1783097780.653,889244,8.00,51.37
1783097781.653,889244,7.00,51.37
1783097782.656,889244,8.00,51.37
1783097783.657,889244,8.00,51.37
1783097784.658,889244,8.00,51.37
1783097785.659,889244,8.00,51.37
1783097786.659,889244,7.00,51.37
1783097787.660,889244,7.00,51.37
1783097788.661,889244,9.00,51.37
1783097789.661,889244,8.00,51.37
1783097790.662,889244,6.00,51.37
1783097791.663,889244,10.00,51.37
1783097792.664,889244,9.00,51.37
1783097793.666,889244,8.00,51.37
1783097794.667,889244,6.00,51.37
1783097795.668,889244,8.00,51.37
1783097796.671,889244,6.00,51.37
1783097797.672,889244,7.00,51.37
1783097798.673,889244,7.00,51.37
1783097799.674,889244,9.00,51.37
1783097800.675,889244,8.00,51.37
1783097801.676,889244,7.00,51.37
1783097802.677,889244,9.00,51.37
1783097803.677,889244,8.00,51.37
1783097804.678,889244,9.00,51.37
1783097805.679,889244,7.00,51.37
1783097806.680,889244,9.00,51.37
1783097807.680,889244,8.00,51.37
1783097808.681,889244,9.00,51.37
1783097809.682,889244,8.00,51.37
1783097810.683,889244,8.00,51.37
1783097811.686,889244,8.00,51.37
1783097812.687,889244,8.00,51.37
1783097813.688,889244,7.00,51.37
1783097814.688,889244,9.00,51.37
1783097815.689,889244,7.00,51.37
1783097816.690,889244,8.00,51.37
1783097817.691,889244,11.00,51.37
1783097818.691,889244,9.00,51.37
1783097819.692,889244,8.00,51.37
1783097820.693,889244,9.00,51.37
1783097821.694,889244,10.00,51.37
1783097822.694,889244,8.00,51.37
1783097823.695,889244,8.00,51.37
1783097824.696,889244,10.00,51.37
1783097825.697,889244,8.00,51.37
1783097826.698,889244,10.00,51.37
1783097827.699,889244,9.00,51.37
1783097828.699,889244,8.00,51.37
1783097829.700,889244,8.00,51.37
1783097830.701,889244,9.00,51.37
1783097831.702,889244,9.00,51.37
1783097832.703,889244,9.00,51.37
1783097833.703,889244,8.00,51.37
1783097834.704,889244,9.00,51.37
1783097835.705,889244,9.00,51.37
1783097836.706,889244,9.00,51.37
1783097837.707,889244,9.00,51.37
1783097838.708,889244,7.00,51.37
1783097839.709,889244,10.00,51.37
1783097840.709,889244,10.00,51.37
1783097841.710,889244,8.00,51.37
1783097842.711,889244,9.00,51.37
1783097843.712,889244,9.00,51.37
1783097844.712,889244,9.00,51.37
1783097845.713,889244,9.00,51.37
1783097846.714,889244,9.00,51.37
1783097847.715,889244,9.00,51.37
1783097848.716,889244,8.00,51.37
1783097849.716,889244,9.00,51.37
1783097850.717,889244,10.00,51.37
1783097851.718,889244,8.00,51.37
1783097852.719,889244,8.00,51.37
1783097853.720,889244,9.00,51.37
1783097854.720,889244,8.00,51.37
1783097855.721,889244,8.00,51.37
1783097856.722,889244,8.00,51.37
1783097857.722,889244,9.00,51.37
1783097858.723,889244,8.00,51.37
1783097859.724,889244,3.00,51.37
1783097860.725,889244,8.00,51.37
1783097861.726,889244,10.00,51.37
1783097862.726,889244,9.00,51.37
1783097863.727,889244,8.00,51.37
1783097864.728,889244,9.00,51.37
1783097865.729,889244,10.00,51.37
1783097866.730,889244,8.00,51.37
1783097867.730,889244,9.00,51.37
1783097868.731,889244,8.00,51.37
1783097869.732,889244,10.00,51.37
1783097870.733,889244,8.00,51.37
1783097871.734,889244,10.00,51.37
1783097872.734,889244,10.00,51.37
1783097873.736,889244,10.00,51.39
1783097874.737,889244,8.00,51.39
1783097875.738,889244,9.00,50.71
1783097876.738,889244,9.00,50.71
1783097877.739,889244,9.00,50.71
1783097878.740,889244,7.00,50.71
1783097879.741,889244,6.00,50.71
1783097880.741,889244,10.00,50.71
1783097881.742,889244,9.00,50.71
1783097882.743,889244,7.00,50.71
1783097883.744,889244,8.00,50.71
1783097884.745,889244,9.00,50.71
1783097885.746,889244,9.00,50.71
1783097886.747,889244,7.00,50.71
1783097887.747,889244,9.00,50.71
1783097888.748,889244,8.00,50.71
1783097889.749,889244,8.00,50.71
1783097890.749,889244,8.00,50.71
1783097891.750,889244,9.00,50.71
1783097892.750,889244,9.00,50.71
1783097893.751,889244,8.00,50.71
1783097894.754,889244,10.00,50.71
1783097895.755,889244,9.00,50.71
1783097896.755,889244,9.00,50.71
1783097897.756,889244,9.00,50.71
1783097898.757,889244,9.00,50.71
1783097899.758,889244,8.00,50.71
1783097900.758,889244,9.00,50.71
1783097901.759,889244,9.00,50.71
1783097902.760,889244,9.00,50.71
1783097903.761,889244,8.00,50.71
1783097904.762,889244,8.00,50.71
1783097905.763,889244,7.00,50.71
1783097906.764,889244,9.00,50.71
1783097907.765,889244,8.00,50.71
1783097908.766,889244,8.00,50.71
1783097909.767,889244,10.00,50.71
1783097910.768,889244,8.00,50.71
1783097911.769,889244,8.00,50.71
1783097912.770,889244,11.00,50.71
1783097913.770,889244,8.00,50.71
1783097914.771,889244,8.00,50.71
1783097915.772,889244,9.00,50.71
1783097916.773,889244,8.00,50.71
1783097917.774,889244,11.00,50.71
1783097918.774,889244,8.00,50.71
1783097919.775,889244,9.00,50.71
1783097920.776,889244,8.00,50.71
1783097921.777,889244,6.00,50.71
1783097922.777,889244,8.00,50.71
1783097923.778,889244,6.00,50.71
1783097924.779,889244,7.00,50.71
1783097925.779,889244,8.00,50.71
1783097926.780,889244,7.00,50.71
1783097927.781,889244,6.00,50.71
1783097928.781,889244,7.00,50.71
1783097929.782,889244,8.00,50.71
1783097930.783,889244,7.00,50.71
1783097931.783,889244,9.00,50.71
1783097932.784,889244,9.00,50.71
1783097933.785,889244,9.00,50.71
1783097934.785,889244,9.00,50.71
1783097935.786,889244,8.00,50.71
1783097936.787,889244,9.00,50.71
1783097937.788,889244,8.00,50.71
1783097938.789,889244,8.00,50.71
1783097939.789,889244,9.00,50.71
1783097940.790,889244,11.00,50.71
1783097941.791,889244,8.00,50.71
1783097942.792,889244,9.00,50.71
1783097943.793,889244,9.00,50.71
1783097944.793,889244,9.00,50.71
1783097945.794,889244,6.00,50.71
1783097946.795,889244,8.00,50.71
1783097947.795,889244,7.00,50.71
1783097948.796,889244,9.00,50.71
1783097949.797,889244,4.00,50.71
1783097950.797,889244,7.00,50.71
1783097951.798,889244,7.00,50.71
1783097952.799,889244,8.00,50.71
1783097953.800,889244,10.00,50.71
1783097954.800,889244,9.00,50.71
1783097955.801,889244,7.00,50.71
1783097956.802,889244,9.00,50.71
1783097957.803,889244,10.00,50.71
1783097958.804,889244,8.00,50.71
1783097959.805,889244,9.00,50.71
1783097960.806,889244,8.00,50.71
1783097961.807,889244,8.00,50.71
1783097962.807,889244,9.00,50.71
1783097963.808,889244,10.00,50.71
1783097964.809,889244,9.00,50.71
1783097965.810,889244,8.00,50.71
1783097966.811,889244,8.00,50.71
1783097967.812,889244,9.00,50.71
1783097968.812,889244,8.00,50.71
1783097969.813,889244,9.00,50.71
1783097970.814,889244,9.00,50.71
1783097971.814,889244,8.00,50.71
1783097972.815,889244,9.00,50.71
1783097973.816,889244,8.00,50.71
1783097974.817,889244,9.00,50.71
1783097975.818,889244,8.00,50.71
1783097976.819,889244,9.00,50.71
1783097977.820,889244,8.00,50.71
1783097978.823,889244,10.00,50.71
1783097979.824,889244,8.00,50.71
1783097980.824,889244,10.00,50.71
1783097981.825,889244,8.00,50.71
1783097982.826,889244,8.00,50.71
1783097983.827,889244,8.00,50.71
1783097984.828,889244,6.00,50.71
1783097985.829,889244,8.00,50.71
1783097986.829,889244,6.00,50.71
1783097987.830,889244,7.00,50.71
1783097988.831,889244,7.00,50.71
1783097989.831,889244,7.00,50.71
1783097990.832,889244,9.00,50.71
1783097991.833,889244,7.00,50.71
1783097992.833,889244,9.00,50.71
1783097993.834,889244,8.00,50.71
1783097994.835,889244,7.00,50.71
1783097995.835,889244,8.00,50.71
1783097996.836,889244,8.00,50.71
1783097997.837,889244,8.00,50.71
1783097998.837,889244,9.00,50.71
1783097999.838,889244,9.00,50.71
1783098000.838,889244,7.00,50.71
1783098001.839,889244,9.00,50.71
1783098002.840,889244,9.00,50.71
1783098003.841,889244,9.00,50.71
1783098004.841,889244,9.00,50.71
1783098005.842,889244,9.00,50.71
1783098006.843,889244,8.00,50.71
1783098007.843,889244,9.00,50.71
1783098008.844,889244,8.00,50.71
1783098009.845,889244,9.00,50.71
1783098010.845,889244,7.00,50.71
1783098011.846,889244,9.00,50.71
1783098012.847,889244,7.00,50.71
1783098013.847,889244,10.00,50.71
1783098014.848,889244,8.00,50.71
1783098015.849,889244,9.00,50.71
1783098016.849,889244,8.00,50.71
1783098017.850,889244,9.00,50.71
1783098018.851,889244,9.00,50.71
1783098019.852,889244,8.00,50.71
1783098020.853,889244,9.00,50.71
1783098021.853,889244,9.00,50.71
1783098022.854,889244,8.00,50.71
1783098023.855,889244,8.00,50.71
1783098024.856,889244,9.00,50.71
1783098025.856,889244,8.00,50.71
1783098026.857,889244,8.00,50.71
1783098027.857,889244,8.00,50.71
1783098028.858,889244,8.00,50.71
1783098029.859,889244,9.00,50.71
1783098030.860,889244,8.00,50.71
1783098031.860,889244,8.00,50.71
1783098032.861,889244,8.00,50.71
1783098033.862,889244,9.00,50.71
1783098034.862,889244,8.00,50.71
1783098035.863,889244,8.00,50.71
1783098036.863,889244,9.00,50.71
1783098037.864,889244,7.00,50.71
1783098038.865,889244,9.00,50.71
1783098039.865,889244,8.00,50.71
1783098040.866,889244,4.00,50.71
1783098041.866,889244,9.00,50.71
1783098042.867,889244,8.00,50.71
1783098043.868,889244,8.00,50.71
1783098044.869,889244,8.00,50.71
1783098045.869,889244,8.00,50.71
1783098046.870,889244,9.00,50.71
1783098047.871,889244,8.00,50.71
1783098048.872,889244,9.00,50.71
1783098049.872,889244,8.00,50.71
1783098050.873,889244,8.00,50.71
1783098051.873,889244,7.00,50.71
1783098052.874,889244,8.00,50.71
1783098053.875,889244,7.00,50.71
1783098054.875,889244,8.00,50.71
1783098055.876,889244,9.00,50.71
1783098056.877,889244,7.00,50.71
1783098057.878,889244,8.00,50.71
1783098058.879,889244,7.00,50.71
1783098059.879,889244,8.00,50.71
1783098060.880,889244,6.00,50.71
1783098061.880,889244,8.00,50.71
1783098062.881,889244,7.00,50.71
1783098063.882,889244,7.00,50.71
1783098064.882,889244,7.00,50.71
1783098065.883,889244,9.00,50.71
1783098066.884,889244,8.00,50.71
1783098067.885,889244,9.00,50.71
1783098068.885,889244,9.00,50.71
1783098069.886,889244,8.00,50.71
1783098070.887,889244,8.00,50.71
1783098071.887,889244,10.00,50.71
1783098072.888,889244,8.00,50.71
1783098073.889,889244,8.00,50.71
1783098074.889,889244,8.00,50.71
1783098075.890,889244,9.00,50.71
1783098076.891,889244,8.00,50.71
1783098077.892,889244,7.00,50.71
1783098078.893,889244,8.00,50.71
1783098079.893,889244,7.00,50.71
1783098080.894,889244,9.00,50.71
1783098081.895,889244,6.00,50.71
1783098082.895,889244,8.00,50.71
1783098083.896,889244,8.00,50.71
1783098084.897,889244,8.00,50.71
1783098085.898,889244,8.00,50.71
1783098086.899,889244,8.00,50.71
1783098087.899,889244,9.00,50.71
1783098088.900,889244,8.00,50.71
1783098089.901,889244,8.00,50.71
1783098090.902,889244,9.00,50.71
1783098091.903,889244,8.00,50.71
1783098092.903,889244,8.00,50.71
1783098093.905,889244,8.00,50.71
1783098094.905,889244,8.00,50.71
1783098095.906,889244,9.00,50.71
1783098096.907,889244,8.00,50.71
1783098097.908,889244,9.00,50.71
1783098098.908,889244,9.00,50.71
1783098099.909,889244,9.00,50.71
1783098100.909,889244,7.00,50.71
1783098101.910,889244,8.00,50.71
1783098102.911,889244,9.00,50.71
1783098103.911,889244,8.00,50.71
1783098104.912,889244,8.00,50.71
1783098105.913,889244,9.00,50.71
1783098106.913,889244,8.00,50.71
1783098107.914,889244,8.00,50.71
1783098108.915,889244,9.00,50.71
1783098109.915,889244,9.00,50.71
1783098110.916,889244,8.00,50.71
1783098111.916,889244,9.00,50.71
1783098112.917,889244,9.00,50.71
1783098113.918,889244,9.00,50.71
1783098114.919,889244,8.00,50.71
1783098115.919,889244,7.00,50.71
1783098116.920,889244,9.00,50.71
1783098117.921,889244,8.00,50.71
1783098118.922,889244,9.00,50.71
1783098119.923,889244,8.00,50.71
1783098120.923,889244,7.00,50.71
1783098121.924,889244,8.00,50.71
1783098122.925,889244,8.00,50.71
1783098123.926,889244,9.00,50.71
1783098124.927,889244,8.00,50.71
1783098125.927,889244,9.00,50.71
1783098126.928,889244,8.00,50.71
1783098127.929,889244,9.00,50.71
1783098128.929,889244,6.00,50.71
1783098129.930,889244,9.00,50.71
1783098130.931,889244,7.00,50.71
1783098131.932,889244,5.00,50.71
1783098132.933,889244,8.00,50.71
1783098133.934,889244,9.00,50.71
1783098134.934,889244,8.00,50.71
1783098135.935,889244,9.00,50.71
1783098136.936,889244,8.00,50.71
1783098137.936,889244,8.00,50.71
1783098138.937,889244,9.00,50.71
1783098139.938,889244,8.00,50.71
1783098140.939,889244,8.00,50.71
1783098141.940,889244,8.00,50.71
1783098142.940,889244,9.00,50.71
1783098143.941,889244,8.00,50.71
1783098144.942,889244,8.00,50.71
1783098145.943,889244,11.00,50.71
1783098146.944,889244,7.00,50.71
1783098147.945,889244,7.00,50.71
1783098148.945,889244,8.00,50.71
1783098149.946,889244,7.00,50.71
1783098150.947,889244,7.00,50.71
1783098151.948,889244,8.00,50.71
1783098152.949,889244,9.00,50.71
1783098153.950,889244,9.00,50.71
1783098154.951,889244,8.00,50.71
1783098155.952,889244,9.00,50.71
1783098156.953,889244,8.00,50.71
1783098157.953,889244,8.00,50.71
1783098158.954,889244,10.00,50.71
1783098159.955,889244,7.00,50.71
1783098160.955,889244,9.00,50.71
1783098161.956,889244,8.00,50.71
1783098162.957,889244,9.00,50.71
1783098163.958,889244,9.00,50.71
1783098164.958,889244,8.00,50.71
1783098165.959,889244,9.00,50.71
1783098166.960,889244,9.00,50.71
1783098167.961,889244,8.00,50.71
1783098168.961,889244,8.00,50.71
1783098169.962,889244,9.00,50.71
1783098170.962,889244,9.00,50.71
1783098171.963,889244,7.00,50.71
1783098172.964,889244,8.00,50.71
1783098173.965,889244,9.00,50.71
1783098174.966,889244,8.00,50.71
1783098175.966,889244,7.00,50.71
1783098176.967,889244,9.00,50.71
1783098177.968,889244,8.00,50.71
1783098178.969,889244,9.00,50.71
1783098179.970,889244,8.00,50.71
1783098180.970,889244,9.00,50.71
1783098181.971,889244,9.00,50.71
1783098182.972,889244,8.00,50.71
1783098183.973,889244,9.00,50.71
1783098184.974,889244,9.00,50.71
1783098185.974,889244,8.00,50.71
1783098186.975,889244,8.00,50.71
1783098187.976,889244,9.00,50.71
1783098188.977,889244,8.00,50.71
1783098189.978,889244,8.00,50.71
1783098190.979,889244,8.00,50.71
1783098191.979,889244,8.00,50.71
1783098192.980,889244,7.00,50.71
1783098193.981,889244,9.00,50.71
1783098194.982,889244,8.00,50.71
1783098195.982,889244,8.00,50.71
1783098196.983,889244,8.00,50.71
1783098197.984,889244,6.00,50.71
1783098198.985,889244,9.00,50.71
1783098199.985,889244,7.00,50.71
1783098200.986,889244,8.00,50.71
1783098201.986,889244,8.00,50.71
1783098202.987,889244,8.00,50.71
1783098203.988,889244,8.00,50.71
1783098204.988,889244,9.00,50.71
1783098205.989,889244,8.00,50.71
1783098206.990,889244,8.00,50.71
1783098207.991,889244,9.00,50.71
1783098208.992,889244,7.00,50.71
1783098209.993,889244,7.00,50.71
1783098210.993,889244,9.00,50.71
1783098211.994,889244,9.00,50.71
1783098212.995,889244,10.00,50.71
1783098213.995,889244,7.00,50.71
1783098214.996,889244,7.00,50.71
1783098215.997,889244,7.00,50.71
1783098216.998,889244,6.00,50.71
1783098217.999,889244,6.00,50.71
1783098218.999,889244,8.00,50.71
1783098220.000,889244,7.00,50.71
1783098221.001,889244,7.00,50.71
